{"type":"FeatureCollection","features":[{"type":"Feature","properties":{"name":"Cyprus"},"geometry":{"type":"MultiPolygon","coordinates":[[[[33.78,34.98],[33.77,34.98],[33.77,34.99],[33.76,34.99],[33.77,34.99],[33.78,34.98],[33.79,34.98],[33.78,34.98]]],[[[33.74,35],[33.74,35.01],[33.75,35.02],[33.75,35.01],[33.75,35],[33.74,35]]],[[[33.91,35.07],[33.68,35.06],[33.61,34.82],[33.02,34.63],[32.46,34.72],[32.27,35.07],[32.41,35.04],[32.55,35.18],[32.87,35.16],[32.92,35.4],[33.66,35.36],[34.58,35.69],[33.92,35.28],[33.9,35.16],[34.09,34.96],[33.84,34.96],[33.8,35.05],[33.91,35.07]]]]}},{"type":"Feature","properties":{"name":"France"},"geometry":{"type":"MultiPolygon","coordinates":[[[[2.52,51.09],[2.59,50.84],[2.79,50.72],[3.13,50.78],[3.29,50.51],[3.61,50.48],[3.7,50.3],[4.19,50.27],[4.13,50.13],[4.21,50.06],[4.13,49.97],[4.65,49.98],[4.82,50.16],[4.85,49.79],[5.26,49.69],[5.46,49.5],[6.4,49.47],[6.71,49.16],[7.41,49.17],[7.63,49.04],[8.2,48.96],[7.81,48.62],[7.75,48.34],[7.59,48.14],[7.62,47.97],[7.51,47.71],[7.59,47.58],[7.39,47.43],[6.97,47.49],[6.87,47.35],[7.04,47.33],[6.44,46.94],[6.43,46.76],[6.13,46.6],[6.05,46.42],[6.14,46.36],[5.95,46.2],[5.96,46.13],[6.14,46.15],[6.28,46.24],[6.21,46.32],[6.27,46.38],[6.48,46.45],[6.79,46.41],[6.77,46.13],[7.02,45.93],[6.78,45.76],[7.16,45.41],[7.06,45.21],[6.6,45.1],[6.75,44.91],[7.01,44.82],[7.06,44.68],[6.85,44.55],[6.87,44.36],[7.34,44.12],[7.66,44.18],[7.69,44.07],[7.49,43.89],[7.48,43.76],[6.73,43.41],[6.59,43.27],[6.7,43.27],[6.68,43.2],[6.22,43.12],[6.15,43.03],[5.37,43.21],[5.29,43.36],[5.03,43.34],[5.23,43.48],[5.04,43.56],[5.05,43.43],[4.86,43.42],[4.86,43.34],[4.69,43.58],[4.82,43.35],[3.95,43.54],[3.11,43.11],[3.04,42.63],[3.18,42.43],[2.93,42.47],[2.66,42.34],[2.28,42.43],[1.98,42.35],[1.71,42.49],[1.72,42.61],[1.43,42.6],[1.34,42.71],[0.72,42.85],[0.64,42.68],[-0.04,42.69],[-0.32,42.84],[-0.57,42.77],[-0.76,42.95],[-1.29,43.11],[-1.44,43.04],[-1.43,43.27],[-1.63,43.25],[-1.8,43.37],[-1.48,43.58],[-1.26,44.56],[-1.19,44.67],[-1.04,44.67],[-1.18,44.78],[-1.26,44.63],[-1.14,45.49],[-1.06,45.57],[-0.79,45.36],[-0.55,44.9],[-0.6,45.02],[-0.49,45],[-0.66,45.1],[-0.8,45.48],[-1.25,45.71],[-1.16,45.81],[-0.99,45.72],[-1.15,45.87],[-1.05,46.04],[-1.21,46.17],[-1.11,46.3],[-1.8,46.49],[-1.86,46.64],[-2.12,46.82],[-1.99,47.05],[-2.24,47.14],[-2.16,47.27],[-1.73,47.21],[-2.01,47.32],[-2.26,47.25],[-2.54,47.3],[-2.44,47.31],[-2.56,47.38],[-2.39,47.42],[-2.49,47.49],[-2.36,47.51],[-2.83,47.5],[-2.91,47.56],[-2.74,47.55],[-2.71,47.64],[-2.97,47.66],[-2.93,47.57],[-3.12,47.6],[-3.13,47.48],[-3.2,47.65],[-3.12,47.73],[-3.36,47.7],[-3.28,47.69],[-3.36,47.71],[-3.28,47.79],[-3.45,47.7],[-4.13,47.92],[-4.19,47.81],[-4.37,47.81],[-4.43,47.98],[-4.73,48.04],[-4.29,48.11],[-4.38,48.23],[-4.56,48.18],[-4.63,48.29],[-4.55,48.35],[-4.19,48.31],[-4.45,48.34],[-4.29,48.43],[-4.75,48.34],[-4.76,48.52],[-4.01,48.73],[-3.85,48.63],[-3.81,48.73],[-3.58,48.68],[-3.52,48.84],[-3.21,48.87],[-3.22,48.79],[-3.1,48.88],[-3.13,48.76],[-3.02,48.83],[-2.68,48.51],[-2.32,48.7],[-2.21,48.58],[-2.05,48.65],[-1.98,48.51],[-2.03,48.65],[-1.95,48.7],[-1.84,48.71],[-1.84,48.62],[-1.36,48.64],[-1.6,48.84],[-1.51,49.03],[-1.6,49.04],[-1.55,49.23],[-1.82,49.38],[-1.84,49.62],[-1.94,49.72],[-1.61,49.65],[-1.26,49.7],[-1.31,49.56],[-1.13,49.35],[-0.22,49.28],[0.41,49.45],[0.1,49.49],[0.17,49.69],[1.2,49.97],[1.52,50.21],[1.67,50.19],[1.54,50.28],[1.61,50.37],[1.58,50.87],[2.52,51.09]],[[1.98,42.44],[1.99,42.44],[2,42.44],[1.99,42.46],[1.98,42.47],[1.97,42.49],[1.96,42.48],[1.95,42.46],[1.95,42.45],[1.96,42.44],[1.98,42.44]]],[[[9.456554,42.647406],[9.482107,42.620103],[9.476899,42.620103],[9.476817,42.619086],[9.456554,42.647406]]],[[[8.57,42.21],[8.69,42.27],[8.55,42.39],[8.71,42.58],[9.14,42.74],[9.29,42.67],[9.34,42.99],[9.46,42.99],[9.44,42.64],[9.53,42.56],[9.56,42.14],[9.4,41.95],[9.4,41.7],[9.29,41.63],[9.35,41.58],[9.22,41.37],[8.79,41.56],[8.92,41.69],[8.66,41.75],[8.81,41.91],[8.61,41.9],[8.74,42.06],[8.57,42.21]]],[[[-1.22,45.94],[-1.23,45.82],[-1.4,46.05],[-1.22,45.94]]],[[[-1.28,46.16],[-1.29,46.16],[-1.34,46.17],[-1.43,46.21],[-1.49,46.2],[-1.5,46.21],[-1.54,46.24],[-1.56,46.25],[-1.5,46.26],[-1.48,46.26],[-1.47,46.26],[-1.47,46.25],[-1.47,46.24],[-1.5,46.25],[-1.51,46.25],[-1.49,46.22],[-1.46,46.22],[-1.44,46.23],[-1.41,46.24],[-1.41,46.23],[-1.43,46.23],[-1.43,46.22],[-1.41,46.22],[-1.31,46.21],[-1.28,46.2],[-1.27,46.18],[-1.25,46.16],[-1.26,46.16],[-1.27,46.16],[-1.28,46.16]]],[[[-2.34,46.73],[-2.3,46.72],[-2.28,46.71],[-2.27,46.7],[-2.29,46.7],[-2.37,46.7],[-2.38,46.72],[-2.38,46.73],[-2.36,46.73],[-2.34,46.73]]],[[[-2.2,46.99],[-2.19,46.98],[-2.16,46.96],[-2.14,46.96],[-2.14,46.94],[-2.14,46.92],[-2.14,46.91],[-2.16,46.92],[-2.17,46.94],[-2.19,46.96],[-2.22,46.97],[-2.25,46.96],[-2.26,46.98],[-2.28,47.02],[-2.3,47.03],[-2.24,47.04],[-2.22,47.03],[-2.2,47.02],[-2.2,47.01],[-2.2,47],[-2.2,46.99]]],[[[-3.11,47.33],[-3.1,47.33],[-3.07,47.33],[-3.06,47.32],[-3.07,47.3],[-3.09,47.3],[-3.17,47.3],[-3.22,47.31],[-3.24,47.32],[-3.24,47.34],[-3.25,47.35],[-3.26,47.37],[-3.26,47.38],[-3.25,47.39],[-3.25,47.4],[-3.24,47.4],[-3.23,47.39],[-3.22,47.39],[-3.18,47.37],[-3.15,47.36],[-3.11,47.33]]],[[[-5.05,48.48],[-5.05,48.47],[-5.04,48.47],[-5.09,48.45],[-5.11,48.44],[-5.11,48.45],[-5.1,48.45],[-5.09,48.45],[-5.1,48.46],[-5.11,48.46],[-5.13,48.46],[-5.13,48.47],[-5.09,48.48],[-5.07,48.49],[-5.05,48.48]]],[[[6.24,43.02],[6.24,43.03],[6.25,43.02],[6.25,43],[6.23,43],[6.22,42.99],[6.2,42.99],[6.19,42.99],[6.17,43],[6.16,43.01],[6.18,43.01],[6.2,43.01],[6.21,43.01],[6.22,43.01],[6.22,43.02],[6.22,43.01],[6.23,43.02],[6.24,43.02]]]]}},{"type":"Feature","properties":{"name":"Ukraine"},"geometry":{"type":"MultiPolygon","coordinates":[[[[31.76,52.1],[31.91,52.03],[32.23,52.08],[32.39,52.33],[32.91,52.24],[33.18,52.37],[33.48,52.36],[33.51,52.29],[33.82,52.35],[34.07,52.16],[34.1,51.95],[34.41,51.78],[34.09,51.67],[34.22,51.53],[34.18,51.4],[34.31,51.33],[34.19,51.25],[34.75,51.16],[35.08,51.21],[35.17,51.04],[35.35,51.04],[35.28,50.94],[35.47,50.67],[35.38,50.62],[35.63,50.34],[36.11,50.42],[36.29,50.27],[36.4,50.31],[36.59,50.2],[37.42,50.43],[38,49.9],[38.17,49.94],[38.17,50.06],[38.3,50.06],[38.94,49.8],[39.16,49.87],[39.26,49.74],[39.56,49.72],[39.8,49.54],[40.13,49.58],[40.03,49.49],[40.14,49.25],[39.91,49.04],[39.68,49.02],[39.78,48.89],[40.05,48.87],[39.98,48.79],[39.78,48.81],[39.63,48.59],[39.86,48.56],[39.92,48.38],[39.82,48.31],[39.99,48.27],[39.76,48.01],[39.76,47.83],[38.83,47.85],[38.75,47.69],[38.29,47.56],[38.19,47.3],[38.3,47.26],[38.14,47.04],[37.58,47.09],[37.34,46.88],[37.23,46.94],[36.85,46.8],[36.77,46.64],[36.8,46.72],[36.7,46.78],[36.28,46.61],[35.9,46.65],[35,46.07],[35.35,46.36],[35.27,46.35],[35.19,46.51],[35.21,46.4],[35.08,46.27],[34.81,46.18],[35.04,45.67],[35.48,45.3],[35.72,45.34],[35.83,45.47],[35.99,45.36],[36.28,45.48],[36.6,45.42],[36.64,45.35],[36.5,45.35],[36.42,45.23],[36.44,45.07],[35.85,44.99],[35.55,45.12],[35.08,44.79],[34.93,44.84],[34.47,44.73],[34.09,44.42],[33.63,44.43],[33.37,44.58],[33.57,44.62],[33.52,44.79],[33.62,44.93],[33.54,45.12],[32.48,45.41],[33.16,45.78],[33.78,45.93],[33.62,45.95],[33.6,46.16],[33.52,46.05],[33.21,46.13],[33.24,46.22],[33.14,46.14],[32.5,46.08],[31.77,46.3],[32.05,46.41],[31.77,46.5],[31.69,46.43],[31.51,46.59],[32.32,46.46],[32.65,46.65],[32.34,46.56],[32.02,46.63],[31.94,46.76],[31.98,47.01],[31.87,47.03],[31.75,47.26],[31.84,47.01],[31.97,46.94],[31.86,46.81],[31.91,46.66],[31.49,46.63],[31.62,46.81],[31.44,46.8],[31.51,46.72],[31.42,46.63],[30.8,46.56],[30.77,46.4],[30.49,46.08],[30.14,45.82],[30.13,45.89],[30.09,45.81],[29.94,45.82],[29.93,45.72],[29.8,45.74],[29.87,45.67],[29.73,45.61],[29.64,45.83],[29.59,45.56],[29.71,45.57],[29.62,45.45],[29.75,45.46],[29.71,45.22],[29.62,45.37],[29.35,45.44],[28.93,45.28],[28.79,45.32],[28.79,45.23],[28.58,45.25],[28.33,45.32],[28.2,45.47],[28.5,45.51],[28.47,45.66],[28.75,45.85],[28.73,45.94],[28.96,46],[29.02,46.18],[28.93,46.26],[28.95,46.45],[29.18,46.54],[29.2,46.36],[29.44,46.48],[29.6,46.36],[29.71,46.47],[29.83,46.34],[30.13,46.42],[29.9,46.53],[29.93,46.81],[29.57,46.93],[29.6,47.06],[29.48,47.11],[29.57,47.31],[29.39,47.28],[29.16,47.44],[29.24,47.87],[29.12,47.98],[28.95,47.93],[28.8,48.11],[28.54,48.16],[28.48,48.06],[28.41,48.17],[28.32,48.14],[28.36,48.24],[28.08,48.24],[28.08,48.31],[27.58,48.49],[27.21,48.36],[26.79,48.38],[26.79,48.29],[26.3,48.21],[26.17,47.99],[25.26,47.9],[24.9,47.71],[24.57,47.94],[23.46,47.97],[23.16,48.1],[22.88,47.95],[22.8,48.09],[22.6,48.1],[22.24,48.42],[22.13,48.4],[22.15,48.59],[22.31,48.68],[22.56,49.09],[22.87,49.01],[22.68,49.16],[22.74,49.28],[22.64,49.53],[22.76,49.67],[23.68,50.37],[23.98,50.4],[24.11,50.54],[23.96,50.81],[24.14,50.86],[23.64,51.3],[23.7,51.4],[23.63,51.63],[23.98,51.59],[24.37,51.88],[25.77,51.93],[27.15,51.76],[27.27,51.59],[27.69,51.59],[27.71,51.46],[27.85,51.62],[28.09,51.56],[28.23,51.65],[28.33,51.53],[28.58,51.56],[28.73,51.4],[28.83,51.55],[29.12,51.63],[29.3,51.37],[29.62,51.49],[30.18,51.48],[30.56,51.24],[30.65,51.37],[30.52,51.6],[30.74,51.9],[30.94,51.99],[30.93,52.07],[31.76,52.1]]],[[[29.92,45.69],[30.08,45.79],[30.13,45.81],[29.91,45.67],[29.81,45.61],[29.73,45.59],[29.78,45.61],[29.8,45.62],[29.81,45.63],[29.81,45.64],[29.83,45.64],[29.84,45.65],[29.86,45.65],[29.87,45.66],[29.9,45.68],[29.92,45.69]]],[[[32.99,46.04],[33,46.04],[33.05,46.04],[33.06,46.03],[33.04,46.01],[32.62,46.06],[32.63,46.07],[32.64,46.06],[32.78,46.05],[32.85,46.06],[32.88,46.06],[32.91,46.04],[32.95,46.05],[32.98,46.05],[32.99,46.04]]],[[[31.94,46.2],[31.58,46.26],[31.5,46.37],[31.94,46.2]]]]}},{"type":"Feature","properties":{"name":"Belarus"},"geometry":{"type":"Polygon","coordinates":[[[23.61,51.52],[23.53,51.66],[23.68,51.99],[23.64,52.08],[23.17,52.29],[23.39,52.51],[23.92,52.74],[23.89,53.15],[23.49,53.94],[24.38,53.89],[24.81,53.98],[24.78,54.1],[24.86,54.15],[25.07,54.13],[25.21,54.26],[25.46,54.3],[25.52,54.14],[25.74,54.15],[25.75,54.28],[25.53,54.35],[25.75,54.59],[25.78,54.87],[26.14,54.97],[26.26,55.14],[26.6,55.12],[26.8,55.27],[26.45,55.33],[26.59,55.67],[26.98,55.83],[27.59,55.79],[27.78,56.02],[28.11,56.16],[28.31,56.04],[28.61,56.09],[28.81,55.93],[29.03,56.02],[29.4,55.95],[29.34,55.79],[29.48,55.68],[30.22,55.86],[30.74,55.59],[30.89,55.6],[30.92,55.39],[30.79,55.29],[31.01,55.02],[30.91,55.02],[30.76,54.8],[31.17,54.62],[31.06,54.49],[31.21,54.45],[31.32,54.23],[31.82,54.05],[31.74,53.79],[32.11,53.81],[32.46,53.71],[32.41,53.58],[32.72,53.44],[32.72,53.33],[32.45,53.3],[32.41,53.19],[32.13,53.08],[31.61,53.21],[31.38,53.18],[31.25,53.01],[31.56,52.79],[31.48,52.68],[31.63,52.55],[31.55,52.51],[31.57,52.31],[31.76,52.1],[30.93,52.07],[30.94,51.99],[30.74,51.9],[30.52,51.6],[30.65,51.37],[30.56,51.24],[30.18,51.48],[29.62,51.49],[29.3,51.37],[29.12,51.63],[28.83,51.55],[28.73,51.4],[28.58,51.56],[28.33,51.53],[28.23,51.65],[28.09,51.56],[27.85,51.62],[27.71,51.46],[27.69,51.59],[27.27,51.59],[27.15,51.76],[25.77,51.93],[24.37,51.88],[23.98,51.59],[23.63,51.63],[23.61,51.52]]]}},{"type":"Feature","properties":{"name":"Lithuania"},"geometry":{"type":"MultiPolygon","coordinates":[[[[26.59,55.67],[26.45,55.33],[26.8,55.27],[26.6,55.12],[26.26,55.14],[26.14,54.97],[25.78,54.87],[25.75,54.59],[25.53,54.35],[25.75,54.28],[25.76,54.16],[25.52,54.14],[25.46,54.3],[25.21,54.26],[25.07,54.13],[24.86,54.15],[24.79,53.97],[23.61,53.9],[23.46,53.97],[23.48,54.09],[23.34,54.23],[22.68,54.45],[22.7,54.68],[22.85,54.81],[22.57,55.07],[22.05,55.03],[21.37,55.29],[21.27,55.25],[21.04,55.92],[21.05,56.07],[21.19,56.08],[21.29,56.21],[22.09,56.42],[24.45,56.26],[24.89,56.44],[25.11,56.18],[25.66,56.14],[26.28,55.74],[26.59,55.67]]],[[[20.99,55.27],[20.92,55.28],[21.08,55.5],[21.09,55.72],[21.11,55.42],[20.99,55.27]]]]}},{"type":"Feature","properties":{"name":"Czechia"},"geometry":{"type":"Polygon","coordinates":[[[14.81,50.86],[14.98,50.86],[15,51.02],[15.16,51.01],[15.37,50.77],[15.79,50.74],[15.96,50.69],[15.98,50.6],[16.3,50.66],[16.43,50.57],[16.19,50.42],[16.66,50.09],[17.01,50.21],[16.89,50.43],[17.42,50.24],[17.69,50.32],[17.75,50.22],[17.6,50.17],[17.63,50.11],[17.84,49.97],[18,50.05],[18.29,49.91],[18.56,49.91],[18.62,49.71],[18.79,49.67],[18.84,49.53],[18.56,49.49],[18.19,49.28],[18.08,49.05],[17.73,48.86],[17.17,48.86],[16.95,48.6],[16.87,48.72],[16.52,48.81],[16.09,48.74],[15.82,48.87],[14.98,49.01],[14.94,48.76],[14.8,48.78],[14.68,48.58],[14.07,48.59],[13.61,48.95],[13.43,48.96],[13.01,49.29],[12.64,49.43],[12.38,49.74],[12.52,49.91],[12.25,50.04],[12.08,50.32],[12.3,50.16],[12.51,50.39],[12.95,50.4],[13.56,50.71],[14.35,50.88],[14.24,50.98],[14.29,51.04],[14.48,51.04],[14.66,50.83],[14.81,50.86]]]}},{"type":"Feature","properties":{"name":"Germany"},"geometry":{"type":"MultiPolygon","coordinates":[[[[13.82,48.77],[13.72,48.52],[13.45,48.57],[13.41,48.38],[12.74,48.11],[12.99,47.85],[12.89,47.72],[13.07,47.66],[13.01,47.47],[12.78,47.55],[12.76,47.67],[12.48,47.63],[12.23,47.73],[12.17,47.6],[11.62,47.59],[11.24,47.39],[10.43,47.58],[10.43,47.4],[10.16,47.27],[10.21,47.37],[10.08,47.36],[9.95,47.54],[8.91,47.65],[8.58,47.8],[8.39,47.7],[8.61,47.66],[8.57,47.59],[7.61,47.56],[7.66,47.6],[7.51,47.69],[7.59,48.14],[7.75,48.34],[7.81,48.62],[8.2,48.96],[7.63,49.04],[7.41,49.17],[6.71,49.16],[6.52,49.42],[6.35,49.45],[6.5,49.8],[6.3,49.83],[6.1,50.05],[6.15,50.21],[6.37,50.32],[6.34,50.48],[6.17,50.52],[6.25,50.61],[6.01,50.71],[6.06,50.91],[5.85,51.04],[6.15,51.15],[6.05,51.19],[6.21,51.39],[5.93,51.82],[6.72,51.9],[6.81,51.98],[6.67,52.05],[7.03,52.23],[6.97,52.45],[6.74,52.45],[6.67,52.54],[6.72,52.63],[7.04,52.65],[7.19,53],[7.19,53.25],[7.37,53.3],[7.02,53.38],[7.14,53.54],[7.09,53.59],[7.23,53.67],[8.03,53.71],[8.17,53.55],[8.06,53.5],[8.21,53.41],[8.32,53.47],[8.23,53.53],[8.29,53.62],[8.55,53.54],[8.5,53.36],[8.57,53.55],[8.48,53.68],[8.57,53.86],[9.27,53.87],[9.58,53.59],[9.83,53.54],[9.55,53.63],[9.4,53.83],[8.95,53.91],[8.83,54.04],[9,54.03],[8.98,54.15],[8.81,54.18],[8.96,54.32],[8.65,54.27],[8.6,54.34],[9.01,54.51],[8.69,54.74],[8.66,54.9],[9.95,54.78],[10.03,54.56],[9.84,54.48],[10.2,54.46],[10.14,54.32],[10.3,54.44],[10.73,54.31],[11.14,54.39],[11.07,54.18],[10.75,54.05],[10.89,53.96],[11.18,54.02],[11.46,53.91],[11.69,54.16],[12.09,54.19],[12.12,54.1],[12.14,54.21],[12.53,54.49],[12.92,54.43],[12.44,54.39],[12.36,54.31],[12.41,54.25],[12.56,54.38],[13.01,54.44],[13.11,54.28],[13.48,54.09],[13.72,54.17],[13.91,53.94],[13.82,53.85],[14.27,53.74],[14.21,53.71],[14.44,53.25],[14.12,52.85],[14.64,52.58],[14.54,52.42],[14.76,52.08],[14.58,51.83],[14.73,51.66],[14.71,51.53],[14.96,51.44],[14.96,51.06],[14.78,50.81],[14.61,50.85],[14.48,51.04],[14.29,51.04],[14.24,50.98],[14.35,50.88],[13.56,50.71],[12.95,50.4],[12.51,50.39],[12.3,50.16],[12.15,50.31],[12.08,50.24],[12.52,49.91],[12.38,49.74],[12.64,49.43],[13.82,48.77]]],[[[14.21,53.94],[13.84,53.85],[13.93,53.9],[13.9,54],[14.05,53.94],[14.05,54.01],[13.77,54.02],[13.75,54.15],[14.21,53.94]]],[[[6.8,53.6],[6.78,53.6],[6.74,53.59],[6.72,53.59],[6.72,53.58],[6.73,53.58],[6.74,53.58],[6.75,53.57],[6.76,53.56],[6.75,53.57],[6.73,53.58],[6.72,53.58],[6.7,53.57],[6.68,53.58],[6.66,53.59],[6.66,53.6],[6.67,53.6],[6.75,53.62],[6.78,53.62],[6.8,53.6]]],[[[6.87,53.67],[6.91,53.68],[7.05,53.69],[7.09,53.69],[6.87,53.67]]],[[[7.13,53.71],[7.18,53.72],[7.23,53.73],[7.35,53.73],[7.35,53.72],[7.34,53.72],[7.3,53.71],[7.17,53.7],[7.13,53.71]]],[[[7.37,53.73],[7.38,53.73],[7.4,53.74],[7.42,53.73],[7.44,53.73],[7.43,53.72],[7.42,53.72],[7.38,53.73],[7.37,53.73]]],[[[8.12,53.72],[8.13,53.73],[8.15,53.74],[8.17,53.74],[8.2,53.73],[8.18,53.73],[8.17,53.73],[8.16,53.72],[8.15,53.71],[8.14,53.72],[8.13,53.72],[8.12,53.71],[8.12,53.72]]],[[[7.52,53.76],[7.61,53.76],[7.63,53.76],[7.63,53.75],[7.62,53.75],[7.55,53.75],[7.51,53.75],[7.51,53.73],[7.48,53.73],[7.47,53.73],[7.47,53.75],[7.47,53.76],[7.49,53.76],[7.52,53.76]]],[[[7.66,53.76],[7.69,53.78],[7.73,53.79],[7.81,53.78],[7.8,53.78],[7.78,53.77],[7.75,53.76],[7.72,53.76],[7.69,53.77],[7.69,53.76],[7.68,53.76],[7.67,53.76],[7.66,53.76]]],[[[7.87,53.78],[7.85,53.78],[7.86,53.79],[7.88,53.79],[7.9,53.8],[7.91,53.8],[7.93,53.79],[7.96,53.78],[7.95,53.78],[7.94,53.78],[7.89,53.79],[7.88,53.79],[7.87,53.78]]],[[[11.38,53.98],[11.39,54],[11.43,54.02],[11.47,54.03],[11.5,54.02],[11.47,53.97],[11.46,53.96],[11.45,53.96],[11.44,53.97],[11.45,53.99],[11.45,54],[11.44,54],[11.43,53.99],[11.44,53.98],[11.42,53.97],[11.41,53.97],[11.39,53.97],[11.38,53.98]]],[[[11.53,54.08],[11.6,54.1],[11.62,54.11],[11.6,54.1],[11.55,54.07],[11.54,54.06],[11.53,54.06],[11.53,54.08]]],[[[8.96,54.52],[8.96,54.51],[8.94,54.5],[8.93,54.49],[8.91,54.48],[8.89,54.47],[8.84,54.47],[8.82,54.47],[8.81,54.48],[8.82,54.49],[8.83,54.49],[8.82,54.5],[8.81,54.5],[8.84,54.52],[8.88,54.53],[8.92,54.53],[8.96,54.52]]],[[[11.26,54.48],[11.31,54.41],[11.01,54.45],[11.12,54.54],[11.26,54.48]]],[[[13.14,54.6],[13.12,54.59],[13.11,54.57],[13.11,54.55],[13.1,54.53],[13.1,54.52],[13.08,54.52],[13.08,54.51],[13.07,54.5],[13.07,54.49],[13.07,54.47],[13.06,54.47],[13.06,54.48],[13.06,54.51],[13.1,54.57],[13.1,54.6],[13.11,54.6],[13.13,54.61],[13.14,54.61],[13.15,54.6],[13.16,54.6],[13.16,54.59],[13.15,54.59],[13.15,54.58],[13.14,54.58],[13.14,54.6]]],[[[13.7,54.39],[13.73,54.28],[13.48,54.34],[13.36,54.28],[13.42,54.23],[13.12,54.34],[13.27,54.39],[13.14,54.54],[13.37,54.59],[13.35,54.52],[13.51,54.49],[13.52,54.57],[13.25,54.56],[13.25,54.67],[13.39,54.69],[13.41,54.59],[13.67,54.57],[13.58,54.46],[13.7,54.39]]],[[[8.33,54.69],[8.38,54.64],[8.4,54.63],[8.39,54.63],[8.35,54.62],[8.33,54.63],[8.31,54.65],[8.29,54.67],[8.32,54.7],[8.34,54.71],[8.36,54.71],[8.35,54.71],[8.34,54.7],[8.33,54.69]]],[[[8.5,54.76],[8.57,54.69],[8.39,54.71],[8.5,54.76]]],[[[8.36,54.95],[8.65,54.89],[8.31,54.87],[8.28,54.74],[8.36,54.95]]],[[[8.63,54.54],[8.7,54.56],[8.7,54.55],[8.69,54.52],[8.67,54.5],[8.64,54.49],[8.62,54.49],[8.61,54.5],[8.6,54.51],[8.6,54.53],[8.62,54.54],[8.63,54.54]]],[[[7.9,54.18],[7.89,54.18],[7.89,54.19],[7.88,54.19],[7.89,54.19],[7.9,54.19],[7.9,54.18]]],[[[7.91,54.19],[7.93,54.2],[7.93,54.19],[7.92,54.19],[7.91,54.19]]]]}},{"type":"Feature","properties":{"name":"Estonia"},"geometry":{"type":"MultiPolygon","coordinates":[[[[24.31,57.87],[24.55,58.33],[24.36,58.4],[24.09,58.24],[23.74,58.34],[23.68,58.52],[23.5,58.56],[23.49,58.67],[23.53,58.75],[23.87,58.77],[23.43,58.76],[23.53,58.82],[23.42,58.93],[23.63,58.98],[23.56,59.05],[23.55,58.97],[23.43,59],[23.52,59.07],[23.47,59.21],[24.08,59.27],[24.03,59.39],[24.19,59.35],[24.33,59.47],[24.78,59.45],[24.8,59.57],[25.41,59.49],[25.54,59.54],[25.48,59.67],[25.64,59.57],[25.73,59.67],[25.81,59.58],[26.63,59.56],[26.92,59.45],[27.91,59.41],[28.02,59.48],[28.19,59.37],[27.88,59.28],[27.71,58.99],[27.41,58.75],[27.55,58.4],[27.5,58.22],[27.66,57.92],[27.8,57.86],[27.52,57.81],[27.35,57.53],[26.87,57.63],[26.5,57.52],[26,57.85],[25.6,57.91],[25.26,58.08],[25.26,57.99],[25.09,58.07],[24.31,57.87]]],[[[23.94,58.11],[23.94,58.14],[23.96,58.15],[23.98,58.16],[24.01,58.15],[24.02,58.13],[24,58.11],[23.97,58.1],[23.94,58.11]]],[[[23.23,58.5],[23.32,58.44],[23.15,58.48],[22.76,58.24],[22.32,58.21],[22.19,57.98],[22.02,57.91],[21.96,57.98],[22.2,58.15],[21.84,58.29],[22.01,58.35],[21.83,58.51],[22.09,58.42],[22.19,58.55],[22.27,58.5],[22.55,58.63],[23.23,58.5]]],[[[23.38,58.58],[23.23,58.53],[23.06,58.62],[23.29,58.67],[23.38,58.58]]],[[[23.36,59.03],[23.39,59.01],[23.39,59],[23.38,58.98],[23.37,58.98],[23.36,58.98],[23.35,58.98],[23.34,58.98],[23.33,58.98],[23.3,58.97],[23.28,58.97],[23.24,58.98],[23.22,58.98],[23.21,58.97],[23.17,58.97],[23.16,58.97],[23.15,58.97],[23.12,59.02],[23.11,59.02],[23.12,59.03],[23.13,59.04],[23.15,59.04],[23.17,59.05],[23.21,59.04],[23.28,59.03],[23.32,59.04],[23.34,59.04],[23.36,59.03]]],[[[22.29,58.9],[22.04,58.94],[22.46,58.97],[22.64,59.09],[22.95,58.97],[23.04,58.84],[22.5,58.69],[22.44,58.84],[22.29,58.9]]],[[[24.52,59.6],[24.53,59.58],[24.55,59.56],[24.54,59.55],[24.52,59.54],[24.49,59.56],[24.49,59.58],[24.5,59.6],[24.52,59.6]]],[[[23.26,57.81],[23.27,57.81],[23.28,57.8],[23.27,57.79],[23.25,57.78],[23.23,57.79],[23.22,57.8],[23.22,57.81],[23.22,57.82],[23.24,57.82],[23.26,57.81]]]]}},{"type":"Feature","properties":{"name":"Latvia"},"geometry":{"type":"Polygon","coordinates":[[[27.35,57.53],[27.53,57.53],[27.51,57.43],[27.84,57.29],[27.82,57.16],[27.68,57.1],[27.75,57.03],[27.63,56.84],[27.91,56.82],[27.87,56.74],[28.13,56.55],[28.22,56.27],[28.15,56.14],[27.78,56.02],[27.59,55.79],[26.98,55.83],[26.74,55.68],[26.48,55.68],[25.66,56.14],[25.11,56.18],[24.89,56.44],[24.45,56.26],[22.09,56.42],[21.05,56.07],[20.97,56.23],[21,56.51],[21.08,56.4],[20.99,56.55],[21.05,56.83],[21.38,57.01],[21.43,57.31],[21.77,57.59],[22.57,57.76],[22.6,57.63],[23.13,57.37],[23.27,57.09],[23.63,56.97],[23.95,57.01],[24.38,57.23],[24.31,57.87],[25.09,58.07],[26,57.85],[26.5,57.52],[26.87,57.63],[27.35,57.53]]]}},{"type":"Feature","properties":{"name":"Norway"},"geometry":{"type":"MultiPolygon","coordinates":[[[[20.62,69.04],[20.1,69.02],[20.34,68.91],[20.36,68.8],[19.96,68.54],[20.25,68.48],[20.01,68.36],[18.17,68.54],[18.19,68.2],[17.92,67.97],[17.32,68.11],[16.78,67.9],[16.59,67.63],[16.13,67.42],[16.44,67.2],[16.42,67.05],[15.43,66.49],[15.48,66.27],[14.54,66.13],[14.65,65.8],[14.51,65.32],[13.64,64.58],[14.1,64.47],[14.15,64.17],[13.96,64.01],[12.98,64.06],[12.68,63.96],[12.17,63.6],[12.22,63.47],[11.99,63.29],[12.22,63],[12.09,62.91],[12.16,62.73],[12.09,62.59],[12.32,62.27],[12.16,61.72],[12.89,61.35],[12.7,61.05],[12.25,61],[12.61,60.42],[12.49,60.31],[12.45,60.05],[11.85,59.87],[11.9,59.71],[11.67,59.61],[11.81,59.25],[11.66,58.92],[11.45,58.9],[11.39,59.08],[11.18,59.12],[11.18,59.2],[11.03,59.13],[10.74,59.22],[10.78,59.31],[10.59,59.43],[10.69,59.48],[10.56,59.73],[10.66,59.86],[10.72,59.74],[10.69,59.91],[10.47,59.84],[10.61,59.62],[10.48,59.51],[10.4,59.69],[10.22,59.72],[10.38,59.66],[10.38,59.54],[10.24,59.56],[10.48,59.43],[10.51,59.3],[10.36,59.27],[10.31,59.06],[10.22,59.11],[10.21,59.02],[9.81,58.96],[9.82,59.03],[9.54,59.12],[9.72,58.98],[9.3,58.88],[9.41,58.79],[9.07,58.74],[9.21,58.72],[9.06,58.68],[9.19,58.66],[8.91,58.61],[8.93,58.51],[8.12,58.1],[8,58.22],[7.96,58.09],[7.61,58.02],[7.01,57.99],[7.15,58.1],[6.9,58.05],[6.8,58.1],[6.99,58.14],[6.73,58.12],[6.72,58.19],[6.78,58.07],[6.62,58.07],[6.53,58.12],[6.85,58.27],[6.68,58.22],[6.69,58.33],[6.56,58.24],[6.01,58.38],[5.95,58.48],[5.65,58.55],[5.48,58.75],[5.54,58.96],[5.63,58.93],[5.55,59.04],[5.72,58.98],[5.72,58.87],[5.85,58.97],[6.23,58.84],[6.08,58.87],[6.11,58.95],[6.63,59.05],[6.03,58.91],[5.98,58.98],[6.05,59],[5.87,59.09],[6.46,59.32],[6.11,59.27],[6.2,59.35],[6,59.34],[6.24,59.51],[6.54,59.56],[6.24,59.53],[6.31,59.66],[5.95,59.36],[5.89,59.45],[6.15,59.48],[5.81,59.54],[5.65,59.41],[5.86,59.35],[5.61,59.29],[5.59,59.42],[5.51,59.28],[5.43,59.41],[5.39,59.29],[5.35,59.42],[5.3,59.34],[5.2,59.55],[5.34,59.65],[5.41,59.59],[5.49,59.74],[5.42,59.5],[5.56,59.68],[5.76,59.61],[5.88,59.66],[5.76,59.66],[5.81,59.73],[6.31,59.85],[6.04,59.76],[5.93,59.78],[5.97,59.86],[5.85,59.77],[5.65,59.85],[6.29,60.12],[6.11,60.11],[6.07,60.2],[6.64,60.42],[6.52,60.08],[6.65,60.38],[7.11,60.51],[6.9,60.51],[6.99,60.59],[6.66,60.43],[6.6,60.47],[6.7,60.52],[6.3,60.39],[6.18,60.47],[6.24,60.38],[6.12,60.37],[6.19,60.36],[6.14,60.25],[6,60.26],[5.85,60.15],[5.86,60.02],[5.74,59.99],[5.69,60.06],[5.8,60.09],[5.72,60.08],[5.71,60.18],[5.79,60.21],[5.54,60.16],[5.71,60.23],[5.57,60.26],[5.74,60.39],[5.41,60.13],[5.14,60.35],[5.3,60.4],[5.24,60.49],[5.31,60.53],[5.65,60.43],[5.75,60.72],[5.22,60.57],[5.08,60.66],[5.23,60.62],[5.13,60.72],[4.93,60.8],[5.43,60.63],[5.24,60.78],[5.54,60.88],[5.13,60.81],[4.98,60.95],[5.1,60.88],[5.14,60.99],[5.01,60.98],[5.02,61.05],[5.46,61],[5.53,61.08],[6.13,61.12],[6.37,61.01],[6.6,61.18],[6.96,61.09],[7.01,61.01],[6.87,60.94],[7.05,60.96],[7.11,60.86],[7.16,60.95],[7,61.09],[7.44,61.1],[7.35,61.14],[7.43,61.19],[7.69,61.23],[7.39,61.2],[7.31,61.29],[7.57,61.49],[7.26,61.4],[7.24,61.3],[7.36,61.19],[6.95,61.11],[7,61.18],[6.56,61.22],[6.71,61.4],[6.5,61.27],[6.54,61.2],[6.43,61.11],[6.04,61.2],[5.42,61.08],[5.04,61.16],[5.25,61.18],[4.98,61.28],[5.23,61.34],[5.32,61.25],[5.26,61.35],[5.63,61.36],[5.06,61.32],[5,61.38],[5.11,61.43],[4.95,61.42],[5.8,61.45],[5.14,61.52],[5.36,61.55],[5.15,61.6],[5.43,61.59],[5.34,61.64],[4.96,61.64],[4.97,61.74],[5.15,61.72],[5.19,61.77],[5.06,61.76],[5.36,61.91],[5.68,61.89],[5.74,61.85],[5.62,61.81],[5.94,61.85],[5.9,61.74],[5.99,61.84],[6.18,61.77],[6.06,61.84],[6.82,61.87],[5.14,61.9],[5.16,61.98],[5.4,62.02],[5.08,62.19],[5.27,62.17],[5.46,62.01],[5.59,62.07],[5.39,62.12],[5.43,62.19],[5.75,62.09],[5.68,62.18],[5.91,62.19],[5.85,62.02],[5.95,62.14],[6.37,62.06],[5.93,62.23],[6.06,62.2],[5.98,62.28],[6.31,62.37],[6.53,62.11],[6.59,62.14],[6.4,62.39],[6.72,62.45],[6.88,62.42],[7,62.26],[6.96,62.1],[7.19,62.1],[6.98,62.11],[7.03,62.27],[7.37,62.27],[7.02,62.3],[6.79,62.48],[6.24,62.45],[6.67,62.49],[6.25,62.58],[6.61,62.56],[6.78,62.65],[6.92,62.57],[6.93,62.66],[7.09,62.65],[7.13,62.53],[7.17,62.63],[7.54,62.5],[7.78,62.57],[7.46,62.57],[7.42,62.63],[7.52,62.58],[7.52,62.67],[8.15,62.69],[8.07,62.78],[7.39,62.69],[7.61,62.8],[6.95,62.73],[7.06,62.83],[7.22,62.81],[6.91,62.93],[7.24,63.01],[7.5,62.91],[7.97,62.98],[8.09,62.95],[8.15,62.81],[8.55,62.66],[8.18,62.85],[8.15,62.95],[7.88,63.01],[8.09,63.11],[8.34,62.97],[8.33,62.88],[8.7,62.82],[8.42,62.95],[8.67,62.98],[8.37,62.97],[8.47,63.02],[8.22,63.03],[8.17,63.12],[8.64,63.11],[8.58,63.17],[8.94,63.21],[8.61,63.2],[8.48,63.29],[8.74,63.33],[8.67,63.42],[9.02,63.47],[9.15,63.38],[9.09,63.29],[9.48,63.4],[9.19,63.38],[9.48,63.49],[9.16,63.51],[9.57,63.54],[9.49,63.59],[9.67,63.64],[9.95,63.45],[9.83,63.33],[10.27,63.27],[10.06,63.37],[10.09,63.44],[10.91,63.46],[10.76,63.52],[10.92,63.6],[10.66,63.55],[10.76,63.63],[11.46,63.79],[11.09,63.87],[11.49,64.01],[11.25,64.04],[11.36,64.12],[10.57,63.81],[10.93,63.9],[11.07,63.84],[10.91,63.73],[10.04,63.5],[9.79,63.66],[10.1,63.77],[9.59,63.67],[9.55,63.73],[9.78,63.77],[9.55,63.77],[10.2,63.94],[9.94,63.92],[10.13,63.99],[9.94,63.96],[10.01,64.12],[10.19,64.1],[10.11,64.12],[10.17,64.2],[10.37,64.19],[10.26,64.25],[10.65,64.36],[10.5,64.43],[10.85,64.38],[10.66,64.45],[10.95,64.48],[10.96,64.6],[11.34,64.43],[11.22,64.32],[11.4,64.45],[11.66,64.48],[11.46,64.51],[11.78,64.6],[11.52,64.57],[11.4,64.71],[11.84,64.79],[11.64,64.82],[11.79,64.84],[11.65,64.84],[11.73,64.88],[12.22,64.94],[11.91,64.95],[11.26,64.73],[11.43,64.82],[11.25,64.84],[11.7,64.91],[11.27,64.87],[11.98,65.07],[12.19,64.99],[12.93,65.31],[12.5,65.14],[12.37,65.15],[12.5,65.2],[12.36,65.23],[12.71,65.25],[12.25,65.23],[12.49,65.37],[12.69,65.33],[12.48,65.45],[12.71,65.37],[12.63,65.43],[12.78,65.46],[12.61,65.46],[12.57,65.59],[12.4,65.53],[12.35,65.64],[12.5,65.73],[12.79,65.64],[12.56,65.75],[12.72,65.79],[12.61,65.83],[12.68,65.93],[12.85,65.97],[13.18,65.86],[12.92,65.99],[13.04,66.08],[12.67,66.06],[13.53,66.24],[13.54,66.11],[13.83,66.15],[13.64,66.22],[14.14,66.33],[13.04,66.18],[13.53,66.31],[13.32,66.37],[13.06,66.31],[13,66.36],[13.16,66.47],[12.97,66.52],[13.36,66.46],[13.26,66.52],[13.67,66.52],[13.46,66.56],[13.73,66.6],[13.24,66.55],[13.4,66.63],[13.19,66.67],[13.55,66.64],[13.23,66.71],[13.69,66.69],[13.89,66.74],[13.58,66.71],[13.75,66.76],[13.54,66.8],[13.99,66.79],[13.52,66.91],[13.89,66.99],[13.97,66.99],[13.93,66.92],[14.04,67.06],[14.15,66.97],[14.27,67.06],[14.57,67.02],[14.27,67.08],[14.45,67.17],[14.42,67.11],[14.75,67.12],[14.57,67.2],[14.98,67.21],[14.89,67.15],[14.97,67.1],[15.01,67.2],[15.24,67.19],[15.47,67.07],[15.38,67.2],[15.74,67.17],[15.06,67.25],[15.17,67.31],[14.33,67.24],[14.65,67.43],[15.05,67.45],[14.73,67.49],[15.06,67.58],[15.15,67.53],[14.83,67.48],[15.19,67.52],[15.14,67.42],[15.43,67.48],[15.63,67.27],[15.7,67.3],[15.53,67.47],[15.9,67.56],[15.24,67.53],[15.47,67.58],[15.19,67.61],[15.3,67.72],[15.84,67.69],[15.63,67.76],[15.69,67.8],[15.41,67.8],[15.43,67.86],[14.84,67.64],[14.73,67.66],[14.88,67.7],[14.79,67.73],[15.12,67.74],[14.77,67.82],[15.1,67.85],[14.85,67.84],[15,67.9],[15.2,67.83],[15.75,67.95],[15.86,67.9],[16.06,68.01],[15.9,68.07],[15.28,68.04],[15.64,68.17],[15.74,68.1],[15.63,68.05],[15.86,68.1],[16.01,68.25],[16.1,68.17],[16.04,68.03],[16.51,67.8],[16.25,67.9],[16.21,68],[16.47,67.9],[16.33,68],[16.54,67.96],[16.5,68.02],[16.37,68.05],[16.69,68.07],[16.29,68.09],[16.47,68.15],[16.41,68.19],[16.59,68.17],[16.17,68.2],[16.36,68.24],[16.1,68.28],[16.28,68.31],[16.8,68.13],[16.22,68.35],[17.15,68.37],[17.35,68.17],[17.42,68.24],[17.21,68.35],[17.25,68.41],[17.87,68.39],[17.47,68.45],[17.55,68.53],[17.05,68.43],[17.1,68.47],[17,68.51],[16.67,68.44],[16.46,68.51],[16.62,68.53],[16.6,68.63],[16.99,68.71],[17.13,68.63],[17.19,68.64],[17.11,68.7],[17.25,68.72],[17.68,68.66],[17.23,68.76],[17.46,68.82],[17.78,68.75],[17.47,68.83],[17.83,68.89],[17.43,68.9],[17.63,69.11],[18.15,69.15],[17.99,69.24],[18.16,69.46],[18.3,69.49],[18.49,69.38],[18.5,69.24],[18.54,69.36],[18.69,69.26],[19.02,69.29],[18.45,69.45],[18.47,69.52],[18.86,69.55],[19.01,69.4],[19.38,69.32],[19.18,69.25],[19.48,69.22],[19.43,69.34],[19,69.46],[19.23,69.57],[19.02,69.53],[18.94,69.62],[19.25,69.78],[19.74,69.81],[19.65,69.46],[19.53,69.4],[19.69,69.44],[19.74,69.61],[20.11,69.59],[19.82,69.71],[20.17,69.94],[20.21,69.86],[20.27,69.97],[20.43,69.88],[20.32,69.69],[20.39,69.61],[19.95,69.26],[20.48,69.58],[20.84,69.49],[20.49,69.63],[20.48,69.76],[21.09,69.95],[20.89,69.85],[21.02,69.79],[21.17,69.88],[21.15,69.81],[21.33,69.91],[21.21,69.93],[21.33,70.03],[22.06,69.73],[21.91,69.95],[22.05,69.94],[22.11,70.03],[21.8,70.04],[22.1,70.12],[21.72,70.06],[21.21,70.21],[21.41,70.27],[21.49,70.21],[21.53,70.32],[21.87,70.15],[21.81,70.26],[21.99,70.32],[22.12,70.23],[22.31,70.29],[22.24,70.14],[22.56,70.13],[22.33,70.17],[22.4,70.26],[22.97,70.21],[22.28,70.04],[23.02,70.15],[23.01,70.05],[23.15,69.98],[23.09,69.96],[23.33,69.95],[23.54,70.02],[23.18,70.09],[23.4,70.14],[23.3,70.17],[23.42,70.2],[23.24,70.22],[23.53,70.24],[23.31,70.26],[23.61,70.3],[23.46,70.32],[23.51,70.37],[23.92,70.51],[24.36,70.46],[24.1,70.54],[24.33,70.69],[24.72,70.62],[24.66,70.71],[24.25,70.78],[24.4,70.87],[24.64,70.78],[24.61,70.86],[24.72,70.87],[24.58,70.92],[24.64,70.98],[24.82,70.91],[25.03,70.97],[24.92,70.87],[25.15,70.92],[25.25,70.79],[25.39,70.88],[25.37,70.98],[25.54,70.92],[25.44,70.84],[25.93,70.86],[25.1,70.52],[25.29,70.51],[25.06,70.49],[25.29,70.46],[25.08,70.36],[25.21,70.32],[24.98,70.23],[24.94,70.1],[25.23,70.09],[25.54,70.3],[25.42,70.33],[26.61,70.95],[26.73,70.93],[26.69,70.74],[26.34,70.65],[26.66,70.64],[26.51,70.36],[26.81,70.48],[27.1,70.47],[26.97,70.57],[27.27,70.59],[27.1,70.64],[27.11,70.73],[27.33,70.74],[27.35,70.83],[27.63,70.8],[27.13,70.95],[27.35,70.94],[27.25,71.03],[27.58,70.97],[27.52,71.07],[27.65,71.13],[28.55,70.98],[28.27,70.79],[27.76,70.79],[28.13,70.74],[27.65,70.61],[28.3,70.7],[27.85,70.48],[28.19,70.5],[28.05,70.46],[28.13,70.44],[28.34,70.52],[28.16,70.38],[28.18,70.15],[28.01,70.07],[28.22,70.15],[28.23,70.4],[28.43,70.5],[28.51,70.45],[28.56,70.51],[28.4,70.56],[28.79,70.87],[29.22,70.86],[29.4,70.78],[29.29,70.74],[29.42,70.74],[29.31,70.65],[29.75,70.74],[29.68,70.62],[29.82,70.63],[30.07,70.72],[30.35,70.6],[30,70.54],[30.5,70.56],[30.81,70.41],[30.93,70.46],[31.08,70.28],[30.55,70.25],[30.16,70.07],[28.6,70.16],[29.69,69.97],[29.36,69.86],[29.74,69.91],[29.78,69.84],[29.49,69.66],[30.03,69.78],[29.94,69.69],[30.19,69.69],[30.11,69.76],[30.21,69.77],[30.17,69.88],[30.29,69.89],[30.4,69.84],[30.34,69.67],[30.45,69.69],[30.48,69.82],[30.84,69.81],[30.9,69.54],[30.14,69.64],[30.23,69.58],[30.14,69.45],[29.38,69.3],[29.22,69.1],[28.95,69.03],[28.83,69.09],[28.86,69.22],[29.34,69.46],[29.13,69.67],[28.4,69.8],[27.87,70.08],[27.1,69.9],[26.53,69.93],[25.96,69.65],[26.01,69.61],[25.73,69.19],[25.8,68.99],[25.63,68.87],[25.2,68.81],[25.12,68.64],[24.88,68.55],[23.93,68.82],[23.2,68.62],[22.41,68.71],[22.36,68.83],[21.64,69.27],[21.1,69.24],[21.03,69.18],[21.16,69.09],[21.1,69.04],[20.62,69.04]]],[[[14.87,68.22],[14.8,68.25],[14.94,68.3],[14.87,68.22]]],[[[14.2,68.32],[14.27,68.28],[14.2,68.25],[14.04,68.31],[14.2,68.32]]],[[[14.03,68.26],[14.16,68.26],[14.11,68.21],[13.77,68.16],[13.84,68.11],[13.46,68.07],[13.59,68.16],[13.48,68.19],[13.62,68.23],[13.5,68.24],[13.64,68.29],[13.98,68.34],[14.03,68.26]]],[[[14.76,68.49],[14.6,68.56],[14.67,68.59],[15,68.55],[14.76,68.49]]],[[[5.28,59.3],[5.3,59.17],[5.21,59.14],[5.18,59.4],[5.28,59.3]]],[[[5.31,59.76],[5.29,59.68],[5.29,59.75],[5.19,59.74],[5.15,59.59],[5.19,59.76],[5.07,59.78],[5.15,59.87],[5.31,59.76]]],[[[5.49,59.86],[5.36,59.76],[5.25,59.91],[5.33,59.98],[5.49,59.86]]],[[[5.62,60.07],[5.62,59.91],[5.36,60],[5.62,60.07]]],[[[5.11,60.2],[4.96,60.24],[5.04,60.31],[4.95,60.44],[5.11,60.2]]],[[[4.98,60.52],[4.96,60.56],[4.97,60.55],[4.98,60.55],[5.03,60.52],[5.15,60.5],[5.19,60.47],[5.2,60.45],[5.2,60.43],[5.19,60.42],[5.14,60.4],[5.13,60.4],[5.12,60.41],[5.12,60.43],[5.12,60.44],[5.13,60.44],[5.08,60.46],[5.06,60.46],[5.07,60.47],[5.08,60.47],[5.08,60.48],[5.06,60.48],[5.06,60.49],[5.05,60.5],[5.04,60.51],[5.03,60.5],[5.02,60.5],[5.01,60.5],[4.99,60.51],[4.98,60.52]]],[[[5.69,60.68],[5.61,60.44],[5.32,60.55],[5.69,60.68]]],[[[4.96,61.18],[4.99,61.1],[4.8,61.05],[4.84,61.2],[4.96,61.18]]],[[[4.87,61.89],[5.22,61.85],[4.92,61.78],[4.8,61.84],[4.87,61.89]]],[[[5.74,62.28],[5.8,62.23],[5.7,62.19],[5.5,62.23],[5.74,62.28]]],[[[5.99,62.4],[6.08,62.34],[5.81,62.25],[5.82,62.39],[5.99,62.4]]],[[[6.26,62.42],[6.3,62.43],[6.32,62.42],[6.33,62.41],[6.32,62.41],[6.32,62.4],[6.17,62.4],[6.09,62.4],[6.02,62.44],[6.2,62.44],[6.22,62.44],[6.26,62.42]]],[[[6.85,62.75],[6.91,62.7],[6.65,62.68],[6.85,62.75]]],[[[6.83,62.84],[6.86,62.85],[6.89,62.85],[6.92,62.86],[6.94,62.84],[6.94,62.83],[6.9,62.82],[6.88,62.81],[6.89,62.81],[6.9,62.8],[6.9,62.79],[6.9,62.78],[6.89,62.78],[6.87,62.78],[6.84,62.79],[6.78,62.81],[6.77,62.82],[6.79,62.82],[6.8,62.82],[6.79,62.83],[6.78,62.84],[6.78,62.85],[6.79,62.86],[6.81,62.85],[6.83,62.84]]],[[[7.78,63.08],[7.85,63.1],[7.89,63.1],[7.91,63.08],[7.9,63.06],[7.87,63.05],[7.84,63.03],[7.81,63.03],[7.79,63.02],[7.78,63.02],[7.77,63.02],[7.76,63.03],[7.75,63.03],[7.74,63.04],[7.68,63.06],[7.7,63.06],[7.71,63.07],[7.71,63.08],[7.71,63.09],[7.72,63.09],[7.73,63.09],[7.73,63.1],[7.78,63.08]]],[[[7.64,63.06],[7.71,63.01],[7.51,62.94],[7.37,62.99],[7.4,63.06],[7.57,63.02],[7.59,63.12],[7.64,63.06]]],[[[8.11,63.24],[8.19,63.16],[7.93,63.18],[8.11,63.24]]],[[[8.48,63.25],[8.57,63.18],[8.42,63.16],[8.26,63.23],[8.48,63.25]]],[[[7.91,63.34],[7.78,63.41],[7.98,63.47],[8.18,63.39],[7.91,63.34]]],[[[9.14,63.57],[8.28,63.46],[8.79,63.64],[9.14,63.57]]],[[[8.36,63.67],[8.81,63.82],[8.79,63.7],[8.36,63.67]]],[[[11.29,64.56],[11.43,64.54],[11.42,64.47],[11.18,64.51],[11.19,64.6],[11.04,64.63],[11.29,64.56]]],[[[11.09,64.9],[10.83,64.85],[11.12,64.95],[11.27,64.9],[11.13,64.84],[11.05,64.85],[11.09,64.9]]],[[[10.84,64.88],[10.82,64.87],[10.74,64.85],[10.74,64.86],[10.75,64.86],[10.71,64.86],[10.73,64.87],[10.74,64.89],[10.75,64.9],[10.77,64.92],[10.78,64.92],[10.85,64.93],[10.87,64.93],[10.92,64.94],[10.96,64.96],[11.03,64.97],[11.03,64.99],[11.06,64.99],[11.09,64.98],[11.12,64.97],[11.11,64.97],[10.97,64.92],[10.9,64.91],[10.84,64.88]]],[[[12.22,65.12],[11.98,65.08],[12.17,65.21],[12.27,65.16],[12.22,65.12]]],[[[12.45,65.43],[12.05,65.22],[12.16,65.4],[12.33,65.47],[12.2,65.47],[12.27,65.58],[12.45,65.43]]],[[[12.01,65.69],[11.92,65.59],[11.76,65.62],[12.01,65.69]]],[[[12.7,66],[12.89,66],[12.37,65.89],[12.7,66]]],[[[12.57,66.08],[12.29,66.02],[12.55,66.22],[12.55,66.13],[12.66,66.1],[12.57,66.08]]],[[[14.27,67.17],[14.19,67],[13.99,67.08],[14.27,67.17]]],[[[13.05,68.1],[13.16,68.09],[13.05,68.02],[13.13,67.95],[12.98,67.97],[13.02,67.88],[12.79,67.81],[13.05,68.1]]],[[[13.28,68.13],[13.44,68.13],[13.37,68.01],[13.17,68.01],[13.33,68.06],[13.28,68.13]]],[[[15,68.37],[14.2,68.15],[14.36,68.24],[14.25,68.25],[14.3,68.31],[14.5,68.31],[14.38,68.37],[14.8,68.43],[14.78,68.35],[15.06,68.45],[15.17,68.45],[15,68.37]]],[[[16.42,68.49],[16.4,68.41],[16.09,68.4],[16.22,68.52],[16.42,68.49]]],[[[17.05,68.82],[17.15,68.77],[16.82,68.74],[17.05,68.82]]],[[[17.21,68.89],[17.44,68.87],[17.22,68.79],[17.08,68.91],[17.21,68.89]]],[[[16.53,68.72],[16.5,68.55],[16.11,68.54],[15.94,68.38],[15.87,68.5],[15.64,68.3],[15.34,68.33],[15.61,68.47],[15.54,68.51],[14.99,68.27],[15.36,68.46],[15.24,68.47],[15.34,68.49],[15.22,68.56],[15.63,68.61],[15.44,68.72],[15.71,68.7],[15.46,68.76],[15.64,68.82],[15.55,68.85],[15.64,68.95],[15.91,68.96],[15.87,68.79],[15.76,68.74],[15.99,68.76],[15.74,68.53],[15.84,68.63],[16.08,68.64],[16.03,68.71],[16.21,68.74],[16.1,68.83],[16.28,68.84],[16.25,68.9],[16.56,68.82],[16.53,68.72]]],[[[16.57,68.97],[16.57,68.89],[16.26,68.97],[16.57,68.97]]],[[[14.4,68.66],[14.52,68.81],[14.62,68.74],[14.63,68.83],[14.69,68.76],[14.91,68.76],[14.95,68.87],[15.01,68.79],[15.16,68.82],[15.01,68.96],[15.12,69.02],[15.19,68.89],[15.3,68.91],[15.24,68.82],[15.38,68.85],[15.27,68.76],[15.4,68.69],[15.06,68.58],[14.81,68.62],[15.17,68.7],[15.15,68.76],[14.68,68.71],[14.52,68.61],[14.4,68.66]]],[[[15.53,68.91],[15.43,68.88],[15.43,68.98],[15.57,69.11],[16.15,69.29],[15.86,69.03],[15.53,69.01],[15.53,68.91]]],[[[18.07,69.44],[18.08,69.35],[17.88,69.25],[17.96,69.18],[17.47,69.2],[17.13,69.01],[17.04,69.02],[17.11,69.08],[16.77,69.09],[17.17,69.2],[16.9,69.19],[17.15,69.26],[16.91,69.3],[17.13,69.31],[16.88,69.36],[16.94,69.4],[17.4,69.37],[17.28,69.41],[17.5,69.43],[17.19,69.5],[17.32,69.46],[17.39,69.48],[17.34,69.54],[17.65,69.46],[17.47,69.6],[17.63,69.51],[17.66,69.6],[17.86,69.59],[17.83,69.45],[17.97,69.52],[18.05,69.5],[17.94,69.43],[18.07,69.44]]],[[[19,69.83],[19.06,69.76],[18.79,69.68],[18.84,69.6],[18.77,69.57],[18,69.59],[18.39,69.63],[18.19,69.71],[18.63,69.7],[18.35,69.73],[18.38,69.8],[18.65,69.8],[18.76,69.69],[18.79,69.78],[18.68,69.89],[19,69.83]]],[[[21.67,69.95],[21.69,69.95],[21.7,69.95],[21.72,69.95],[21.74,69.95],[21.73,69.94],[21.72,69.93],[21.71,69.93],[21.7,69.93],[21.69,69.93],[21.68,69.93],[21.67,69.94],[21.67,69.95]]],[[[19.9,70.02],[19.92,70.02],[19.95,70.03],[19.98,70.02],[20,70.02],[19.95,70.01],[19.92,70.01],[19.91,70.01],[19.9,70.02]]],[[[20.96,70],[21.1,70.01],[20.98,69.98],[20.98,69.96],[20.94,69.95],[20.89,69.94],[20.84,69.94],[20.81,69.95],[20.78,69.97],[20.76,69.99],[20.76,70],[20.78,70.02],[20.8,70.04],[20.82,70.04],[20.86,70.04],[20.89,70.04],[20.94,70.01],[20.96,70]]],[[[21.04,70.06],[21.05,70.04],[21.02,70.03],[20.96,70.02],[20.97,70.03],[20.99,70.05],[21.02,70.06],[21.04,70.06]]],[[[19.62,70.02],[19.33,69.81],[19.12,69.79],[18.73,69.93],[19.21,70.1],[19.39,69.99],[19.62,70.02]]],[[[20.79,70.09],[20.6,70.04],[20.59,70.11],[20.39,70.12],[20.73,70.24],[20.82,70.21],[20.79,70.09]]],[[[19.98,70.15],[20.15,70.11],[19.82,70.06],[19.54,70.25],[19.69,70.29],[19.98,70.15]]],[[[22.92,70.3],[22.37,70.33],[22.67,70.4],[22.92,70.3]]],[[[23.66,70.5],[23.22,70.28],[23.08,70.3],[23.13,70.41],[23.04,70.34],[22.85,70.41],[23.18,70.55],[23.26,70.48],[23.54,70.54],[23.39,70.62],[23.56,70.62],[23.66,70.5]]],[[[24.07,70.66],[24.1,70.59],[23.87,70.51],[23.64,70.6],[23.71,70.75],[24.07,70.66]]],[[[22.42,70.51],[22.15,70.47],[22.33,70.61],[21.95,70.65],[22.42,70.63],[22.38,70.71],[22.54,70.72],[22.72,70.6],[22.83,70.65],[22.72,70.75],[22.97,70.66],[23.18,70.74],[23.07,70.81],[23.34,70.78],[23.34,70.87],[23.48,70.8],[22.91,70.54],[22.42,70.51]]],[[[24.07,70.96],[23.89,71],[24.19,71.01],[24.07,70.96]]],[[[26.14,71.04],[25.6,70.93],[25.42,70.98],[25.56,71.02],[25.29,71.02],[25.47,71.1],[25.72,71.05],[25.55,71.14],[25.67,71.17],[26.03,71.12],[25.89,71.05],[25.96,71],[26.14,71.04]]],[[[12.88,66.29],[12.88,66.28],[12.89,66.26],[12.88,66.24],[12.87,66.24],[12.86,66.23],[12.85,66.23],[12.82,66.22],[12.81,66.22],[12.79,66.22],[12.76,66.22],[12.75,66.23],[12.74,66.24],[12.72,66.24],[12.71,66.24],[12.7,66.24],[12.71,66.25],[12.71,66.26],[12.74,66.27],[12.76,66.28],[12.79,66.29],[12.79,66.3],[12.8,66.31],[12.79,66.31],[12.8,66.31],[12.81,66.3],[12.82,66.3],[12.83,66.3],[12.84,66.29],[12.86,66.29],[12.87,66.29],[12.88,66.29]]],[[[12.94,66.46],[12.9,66.36],[12.8,66.38],[12.94,66.46]]],[[[15.3,67.95],[15.3,67.94],[15.29,67.93],[15.25,67.92],[15.24,67.92],[15.16,67.91],[15.15,67.91],[15.12,67.92],[15.02,67.92],[14.98,67.91],[14.97,67.92],[14.97,67.93],[14.96,67.94],[14.97,67.95],[14.98,67.96],[14.97,67.97],[14.98,67.97],[15.02,67.97],[15.04,67.97],[15.05,67.97],[15.06,67.97],[15.07,67.98],[15.1,67.99],[15.11,68],[15.11,67.99],[15.11,67.98],[15.14,67.96],[15.16,67.95],[15.21,67.95],[15.23,67.95],[15.23,67.94],[15.25,67.94],[15.26,67.94],[15.26,67.93],[15.28,67.94],[15.3,67.95]]],[[[15.93,68.01],[15.93,68],[15.92,67.99],[15.88,67.98],[15.84,67.98],[15.79,67.99],[15.73,68.01],[15.71,68.01],[15.68,67.99],[15.66,67.99],[15.65,67.99],[15.62,67.99],[15.52,67.99],[15.51,67.99],[15.5,68],[15.48,68],[15.48,68.01],[15.5,68.01],[15.51,68.01],[15.52,68.02],[15.54,68.02],[15.57,68.03],[15.86,68.03],[15.89,68.02],[15.92,68.01],[15.93,68.01]]],[[[15.17,67.99],[15.16,67.99],[15.16,68],[15.17,68.01],[15.18,68.01],[15.19,68.02],[15.21,68.03],[15.22,68.03],[15.22,68.04],[15.23,68.04],[15.24,68.03],[15.26,68.01],[15.28,68],[15.29,67.98],[15.27,67.97],[15.18,67.97],[15.17,67.97],[15.17,67.99]]],[[[15,68.9],[14.99,68.88],[14.96,68.88],[14.9,68.87],[14.89,68.87],[14.86,68.88],[14.84,68.89],[14.86,68.91],[14.85,68.91],[14.85,68.92],[14.86,68.92],[14.87,68.93],[14.9,68.93],[14.96,68.93],[14.98,68.92],[15,68.9]]],[[[20.7,69.89],[20.71,69.82],[20.53,69.81],[20.56,69.9],[20.7,69.89]]],[[[30.02,69.83],[29.71,69.76],[29.84,69.91],[30.02,69.83]]],[[[19.81,70],[19.72,69.86],[19.43,69.84],[19.81,70]]],[[[18.67,70.03],[18.72,70.12],[18.98,70.07],[18.67,70.03]]],[[[20.89,70.08],[20.86,70.07],[20.83,70.07],[20.81,70.08],[20.8,70.09],[20.79,70.12],[20.81,70.14],[20.83,70.15],[20.86,70.14],[20.91,70.11],[20.92,70.1],[20.89,70.08]]],[[[19.54,70.09],[19.49,70.09],[19.42,70.1],[19.36,70.11],[19.34,70.12],[19.33,70.13],[19.34,70.14],[19.37,70.15],[19.41,70.16],[19.45,70.16],[19.55,70.12],[19.57,70.11],[19.57,70.1],[19.55,70.09],[19.54,70.09]]],[[[19.24,70.2],[19.14,70.11],[19,70.15],[19.18,70.26],[19.24,70.2]]],[[[21.74,70.38],[21.8,70.35],[21.7,70.26],[21.74,70.38]]],[[[-7.96,71.17],[-8.01,71.03],[-8.62,70.96],[-8.99,70.81],[-9.12,70.87],[-8.52,71.01],[-8.33,71.15],[-7.96,71.17]]],[[[19.16,74.53],[19.3,74.48],[19.17,74.36],[18.79,74.48],[19.16,74.53]]],[[[25.48,76.71],[25.5,76.71],[25.58,76.71],[25.58,76.7],[25.56,76.7],[25.39,76.62],[25.29,76.59],[25.24,76.57],[25.22,76.57],[25.22,76.56],[25.23,76.55],[25.18,76.53],[25.05,76.5],[25.02,76.47],[25.02,76.46],[25.03,76.45],[25.02,76.44],[25,76.44],[24.98,76.44],[24.96,76.44],[24.94,76.45],[24.95,76.46],[24.97,76.48],[24.99,76.49],[25.03,76.51],[25.09,76.54],[25.35,76.64],[25.42,76.68],[25.42,76.69],[25.43,76.69],[25.46,76.71],[25.48,76.71]]],[[[24.42,77.83],[23.92,77.52],[23.35,77.38],[23.23,77.26],[22.43,77.26],[22.5,77.34],[22.42,77.43],[22.78,77.55],[21.09,77.44],[20.89,77.45],[20.93,77.5],[20.83,77.54],[21.22,77.61],[21.25,77.73],[21.66,77.92],[20.88,78.1],[21.7,78.21],[22.97,78.26],[23.47,78.16],[23.11,78.09],[23.12,77.99],[23.61,77.87],[24.3,77.91],[24.42,77.83]]],[[[21.02,78.22],[20.65,78.19],[20.78,78.28],[20.47,78.32],[20.66,78.39],[20.15,78.48],[21.3,78.63],[22.09,78.59],[22.24,78.49],[22.27,78.27],[21.02,78.22]]],[[[27.02,78.7],[26.72,78.63],[26.4,78.78],[27.02,78.7]]],[[[12.14,78.24],[11.09,78.45],[10.48,78.89],[11,78.83],[11.18,78.73],[11.06,78.69],[11.27,78.61],[11.26,78.53],[11.87,78.45],[12.14,78.24]]],[[[29.44,78.9],[27.84,78.84],[28.42,78.97],[29.44,78.9]]],[[[30.07,79.01],[30.31,79.01],[30.32,79.01],[30.32,79],[30.34,78.99],[30.31,78.99],[30.27,78.98],[30.21,78.98],[30.22,78.97],[30.18,78.97],[30.14,78.97],[30.09,78.98],[30.07,79.01]]],[[[20.1,79.12],[20.83,79.06],[20.36,78.99],[20.04,79.04],[20.14,79.06],[20.1,79.12]]],[[[20.06,79.38],[20.16,79.36],[20.18,79.35],[20.17,79.34],[20.14,79.34],[20.11,79.34],[20.09,79.34],[20.06,79.35],[20.03,79.36],[19.7,79.34],[19.67,79.34],[19.66,79.35],[19.66,79.36],[19.68,79.38],[19.64,79.39],[19.63,79.39],[19.67,79.4],[19.71,79.41],[19.8,79.41],[19.87,79.39],[20.06,79.38]]],[[[11.03,79.71],[10.82,79.65],[10.71,79.72],[11.03,79.71]]],[[[10.72,79.74],[10.68,79.74],[10.65,79.75],[10.65,79.76],[10.68,79.78],[10.71,79.78],[10.87,79.78],[11.01,79.74],[10.98,79.73],[10.72,79.74]]],[[[20.21,78.64],[18.99,78.47],[19.07,78.38],[18.95,78.28],[19.09,78.23],[18.92,78.18],[19.1,78.1],[18.41,78.02],[18.5,77.98],[18.33,77.9],[18.45,77.76],[18.3,77.52],[17.62,77.45],[17.34,77.05],[17.1,77.05],[17.29,76.95],[16.92,76.79],[17.19,76.7],[16.81,76.57],[16.34,76.57],[16.28,76.71],[15.5,76.88],[16.53,77],[16.03,77.09],[15.74,77],[15.19,77.03],[15.04,77.13],[14.37,77.2],[13.97,77.41],[14.05,77.45],[13.91,77.53],[14.44,77.59],[14.71,77.49],[15.04,77.57],[16.22,77.44],[16.27,77.49],[15.85,77.58],[14.74,77.66],[17.12,77.78],[16.79,77.88],[17.01,77.94],[13.96,77.72],[13.75,77.74],[13.82,77.8],[13.65,77.85],[13.59,78.06],[13.96,78.1],[14.33,77.96],[14.23,78.09],[15.69,78.21],[15.59,78.29],[15.8,78.34],[17.3,78.43],[16.33,78.45],[16.83,78.65],[16.55,78.72],[16,78.48],[15.34,78.48],[15.19,78.59],[15.42,78.62],[15.5,78.73],[15.35,78.85],[15.2,78.74],[15.26,78.67],[15.04,78.61],[14.8,78.64],[14.85,78.69],[14.73,78.74],[14.45,78.68],[14.59,78.56],[14.38,78.5],[14.73,78.39],[14.29,78.39],[14.32,78.31],[14.08,78.24],[13.75,78.27],[13.86,78.21],[13.01,78.2],[12.89,78.35],[12.36,78.49],[13.2,78.54],[11.88,78.64],[11.64,78.75],[11.94,78.82],[11.33,78.97],[12.51,78.91],[12.42,79],[12.06,78.97],[11.68,79.07],[12.14,79.21],[12.06,79.24],[12.12,79.3],[11.83,79.3],[11.92,79.24],[11.85,79.23],[11.59,79.31],[11.7,79.17],[11.23,79.1],[11.14,79.24],[10.84,79.37],[10.92,79.38],[10.9,79.47],[10.68,79.54],[11.18,79.56],[10.85,79.6],[11.01,79.65],[11.46,79.63],[11.19,79.78],[11.67,79.84],[12.3,79.66],[12.35,79.72],[12.2,79.75],[12.2,79.84],[12.54,79.75],[13.84,79.88],[13.96,79.82],[13.9,79.74],[12.45,79.57],[13.48,79.59],[13.26,79.47],[13.58,79.49],[14.07,79.27],[14.16,79.34],[13.88,79.54],[14.28,79.62],[14.14,79.63],[14.55,79.81],[15.3,79.6],[15.5,79.33],[15.79,79.22],[15.68,79.11],[15.88,79.16],[16.44,78.91],[16.14,79.24],[15.96,79.31],[15.85,79.53],[15.92,79.56],[15.74,79.65],[15.64,79.83],[16.14,79.87],[15.96,79.94],[16.02,80.02],[16.54,80.05],[16.85,79.87],[16.96,79.96],[17.27,79.95],[18.1,79.73],[17.59,79.55],[17.77,79.54],[17.78,79.43],[17.65,79.37],[18.35,79.63],[18.88,79.44],[18.88,79.32],[18.59,79.26],[18.93,79.23],[18.95,79.16],[19.79,79.17],[19.91,79.01],[21.54,78.85],[21.38,78.66],[20.21,78.64]]],[[[33.1,80.23],[33.6,80.2],[32.83,80.13],[31.48,80.1],[33.1,80.23]]],[[[18.3,80.28],[18.12,80.29],[18.3,80.36],[18.76,80.3],[18.3,80.28]]],[[[24.17,80.45],[24.38,80.39],[24.17,80.38],[24.17,80.45]]],[[[24.29,80.49],[24.26,80.47],[24.22,80.47],[24.01,80.48],[23.98,80.49],[23.99,80.5],[24.02,80.51],[24.04,80.51],[24.06,80.51],[24.11,80.51],[24.17,80.51],[24.23,80.5],[24.29,80.49]]],[[[27.17,80.07],[27.1,79.97],[27.21,79.87],[25.83,79.63],[25.97,79.53],[25.83,79.44],[24.29,79.31],[24.05,79.19],[22.93,79.22],[22.64,79.31],[22.9,79.42],[20.82,79.38],[20.73,79.46],[19.69,79.55],[19.63,79.61],[20.21,79.65],[21.15,79.57],[20.48,79.69],[21.87,79.71],[22.29,79.81],[18.78,79.72],[18.11,79.91],[18.79,79.97],[18.93,80.06],[17.78,80.14],[18.7,80.21],[19.33,80.09],[19.58,80.15],[19.28,80.18],[18.98,80.34],[19.85,80.22],[19.72,80.25],[19.91,80.39],[19.47,80.41],[19.69,80.45],[19.66,80.51],[20.84,80.31],[20.75,80.27],[20.85,80.21],[21.85,80.27],[21.9,80.21],[21.6,80.13],[22.07,80.11],[22.28,79.98],[22.48,80.02],[22.35,80.07],[22.46,80.07],[22.4,80.17],[22.58,80.3],[22.33,80.36],[22.39,80.43],[22.68,80.43],[22.61,80.36],[22.75,80.33],[22.83,80.41],[22.75,80.5],[22.83,80.52],[23.36,80.43],[23.12,80.39],[23.35,80.34],[23.06,80.25],[23.01,80.16],[23.18,80.11],[23.09,80.17],[23.23,80.19],[23.8,80.18],[23.77,80.31],[24.34,80.29],[24.15,80.35],[24.26,80.38],[24.6,80.32],[24.49,80.26],[24.83,80.36],[24.89,80.32],[24.78,80.25],[25.36,80.28],[25.27,80.23],[25.74,80.23],[25.7,80.17],[26.81,80.17],[27.17,80.07]]],[[[19.91,80.49],[19.88,80.49],[19.86,80.5],[19.85,80.51],[19.87,80.52],[19.96,80.54],[20.03,80.54],[20.06,80.54],[20.1,80.53],[20.13,80.52],[20.11,80.51],[20.04,80.5],[19.99,80.49],[19.91,80.49]]],[[[20.76,80.62],[20.72,80.63],[20.67,80.64],[20.53,80.66],[20.5,80.66],[20.52,80.67],[20.79,80.66],[20.79,80.65],[20.78,80.64],[20.76,80.64],[20.75,80.64],[20.76,80.62]]],[[[21.17,80.66],[21.14,80.66],[21.09,80.66],[21.05,80.67],[21.02,80.69],[21.06,80.69],[21.21,80.71],[21.33,80.71],[21.33,80.7],[21.34,80.7],[21.35,80.69],[21.36,80.69],[21.37,80.68],[21.17,80.66]]],[[[20.63,80.73],[20.56,80.74],[20.53,80.75],[20.52,80.77],[20.62,80.77],[20.65,80.76],[20.69,80.74],[20.72,80.74],[20.84,80.72],[20.97,80.72],[21,80.71],[20.99,80.7],[20.98,80.7],[20.9,80.69],[20.89,80.69],[20.87,80.68],[20.82,80.68],[20.81,80.68],[20.81,80.69],[20.8,80.7],[20.81,80.7],[20.81,80.71],[20.8,80.71],[20.78,80.71],[20.76,80.71],[20.74,80.71],[20.69,80.71],[20.67,80.71],[20.66,80.71],[20.65,80.73],[20.63,80.73]]],[[[11.07,59.08],[11.08,59.08],[11.08,59.07],[11.08,59.06],[11.06,59.05],[11.05,59.05],[11.05,59.04],[11.05,59.03],[11.03,59.02],[11.02,59.02],[11.01,59.02],[11.01,59.03],[11,59.03],[10.99,59.03],[10.99,59.05],[10.99,59.06],[10.99,59.08],[11,59.09],[11.02,59.09],[11.03,59.09],[11.04,59.08],[11.04,59.07],[11.05,59.07],[11.07,59.07],[11.07,59.08]]],[[[10.91,59.12],[10.91,59.11],[10.91,59.1],[10.91,59.09],[10.88,59.07],[10.87,59.08],[10.86,59.07],[10.85,59.08],[10.84,59.08],[10.84,59.09],[10.83,59.1],[10.84,59.11],[10.86,59.12],[10.87,59.12],[10.87,59.11],[10.86,59.11],[10.86,59.1],[10.87,59.11],[10.9,59.12],[10.91,59.12]]],[[[5.29,60.07],[5.27,59.99],[5.17,60.05],[5.25,60.05],[5.21,60.12],[5.29,60.07]]],[[[4.92,60.87],[4.93,60.86],[4.92,60.86],[4.9,60.86],[4.88,60.87],[4.87,60.88],[4.87,60.89],[4.86,60.88],[4.85,60.89],[4.83,60.9],[4.83,60.91],[4.83,60.92],[4.82,60.92],[4.82,60.91],[4.81,60.91],[4.8,60.92],[4.79,60.92],[4.78,60.92],[4.78,60.93],[4.78,60.94],[4.8,60.94],[4.84,60.94],[4.84,60.93],[4.82,60.93],[4.83,60.93],[4.86,60.93],[4.87,60.93],[4.88,60.93],[4.87,60.92],[4.89,60.91],[4.9,60.91],[4.92,60.88],[4.92,60.87]]],[[[4.72,61.04],[4.73,61.04],[4.74,61.03],[4.74,61.01],[4.73,61],[4.72,60.99],[4.71,60.99],[4.7,60.99],[4.7,61],[4.71,61.01],[4.71,61.02],[4.7,61.01],[4.69,61],[4.68,61],[4.67,61],[4.67,61.01],[4.66,61.02],[4.65,61.03],[4.65,61.04],[4.64,61.05],[4.65,61.05],[4.64,61.06],[4.66,61.07],[4.67,61.07],[4.68,61.08],[4.69,61.08],[4.7,61.08],[4.71,61.08],[4.71,61.07],[4.71,61.06],[4.71,61.05],[4.72,61.04]]],[[[5.12,62.03],[5.1,61.93],[4.98,62.01],[5.12,62.03]]],[[[5.64,62.32],[5.61,62.32],[5.6,62.33],[5.61,62.33],[5.63,62.34],[5.65,62.35],[5.67,62.34],[5.68,62.35],[5.68,62.36],[5.69,62.36],[5.7,62.36],[5.72,62.37],[5.72,62.36],[5.73,62.36],[5.74,62.36],[5.74,62.35],[5.73,62.34],[5.73,62.33],[5.74,62.33],[5.73,62.33],[5.7,62.32],[5.67,62.32],[5.67,62.33],[5.66,62.33],[5.65,62.32],[5.64,62.32]]],[[[5.59,62.34],[5.58,62.34],[5.54,62.33],[5.52,62.33],[5.52,62.34],[5.51,62.35],[5.52,62.35],[5.51,62.36],[5.52,62.37],[5.55,62.37],[5.56,62.36],[5.58,62.36],[5.6,62.35],[5.6,62.34],[5.59,62.34]]],[[[8.31,63.18],[8.32,63.18],[8.33,63.17],[8.31,63.17],[8.23,63.16],[8.21,63.16],[8.2,63.17],[8.19,63.17],[8.18,63.2],[8.17,63.21],[8.17,63.22],[8.19,63.23],[8.21,63.23],[8.24,63.22],[8.28,63.2],[8.29,63.2],[8.31,63.19],[8.31,63.18]]],[[[9.16,63.65],[9.17,63.65],[9.17,63.64],[9.16,63.63],[9.13,63.63],[9.11,63.62],[9.08,63.61],[9.03,63.62],[9.01,63.63],[9.03,63.63],[9.03,63.64],[9.04,63.64],[9.04,63.65],[9.05,63.66],[9.06,63.66],[9.08,63.66],[9.11,63.66],[9.12,63.66],[9.12,63.65],[9.14,63.65],[9.15,63.65],[9.16,63.65]]],[[[9.93,64.03],[9.94,64.02],[9.94,64.01],[9.93,64],[9.91,64],[9.89,64],[9.88,64],[9.87,64.01],[9.85,64.01],[9.86,64.01],[9.87,64.02],[9.88,64.02],[9.87,64.02],[9.86,64.02],[9.85,64.03],[9.84,64.03],[9.85,64.04],[9.88,64.04],[9.89,64.05],[9.9,64.05],[9.92,64.04],[9.92,64.03],[9.93,64.03]]],[[[11.47,64.59],[11.47,64.57],[11.48,64.56],[11.47,64.55],[11.44,64.55],[11.43,64.55],[11.44,64.54],[11.43,64.54],[11.41,64.55],[11.39,64.55],[11.35,64.56],[11.34,64.57],[11.35,64.58],[11.35,64.59],[11.37,64.59],[11.37,64.6],[11.36,64.63],[11.37,64.63],[11.39,64.61],[11.39,64.62],[11.39,64.63],[11.4,64.62],[11.44,64.6],[11.45,64.59],[11.47,64.59]]],[[[11.35,64.65],[11.34,64.64],[11.34,64.63],[11.34,64.62],[11.33,64.62],[11.33,64.61],[11.32,64.6],[11.31,64.6],[11.3,64.6],[11.28,64.61],[11.27,64.62],[11.26,64.63],[11.25,64.64],[11.24,64.64],[11.23,64.64],[11.23,64.63],[11.22,64.63],[11.17,64.64],[11.18,64.65],[11.18,64.66],[11.17,64.66],[11.17,64.67],[11.19,64.67],[11.3,64.69],[11.32,64.69],[11.32,64.68],[11.34,64.68],[11.36,64.67],[11.35,64.65]]],[[[11.76,65.12],[11.78,65.12],[11.78,65.11],[11.77,65.1],[11.75,65.1],[11.71,65.08],[11.69,65.08],[11.67,65.07],[11.69,65.07],[11.7,65.06],[11.68,65.05],[11.67,65.04],[11.66,65.04],[11.65,65.05],[11.65,65.06],[11.66,65.06],[11.65,65.07],[11.63,65.06],[11.6,65.05],[11.58,65.04],[11.56,65.04],[11.52,65.05],[11.52,65.06],[11.53,65.06],[11.53,65.07],[11.53,65.08],[11.53,65.09],[11.54,65.09],[11.55,65.1],[11.57,65.1],[11.58,65.11],[11.66,65.12],[11.69,65.12],[11.71,65.11],[11.72,65.11],[11.73,65.11],[11.74,65.12],[11.76,65.12]]],[[[17.55,69.09],[17.56,69.09],[17.57,69.09],[17.55,69.08],[17.55,69.07],[17.54,69.06],[17.52,69.05],[17.5,69.04],[17.48,69.03],[17.46,69.03],[17.44,69.02],[17.42,69],[17.4,68.99],[17.38,68.99],[17.35,69],[17.34,69],[17.35,69.01],[17.35,69.02],[17.35,69.03],[17.36,69.05],[17.39,69.06],[17.42,69.08],[17.45,69.08],[17.55,69.09]]],[[[24.84,71.09],[24.82,71.09],[24.81,71.08],[24.83,71.08],[24.82,71.07],[24.79,71.07],[24.78,71.06],[24.79,71.05],[24.77,71.03],[24.76,71.03],[24.72,71.03],[24.7,71.03],[24.69,71.04],[24.67,71.04],[24.63,71.05],[24.61,71.06],[24.62,71.07],[24.65,71.08],[24.67,71.09],[24.69,71.09],[24.71,71.08],[24.7,71.07],[24.72,71.07],[24.73,71.07],[24.74,71.07],[24.73,71.08],[24.71,71.1],[24.71,71.11],[24.74,71.11],[24.76,71.1],[24.77,71.1],[24.78,71.09],[24.79,71.09],[24.81,71.1],[24.82,71.1],[24.84,71.1],[24.84,71.09]]],[[[5.76,59.12],[5.78,59.11],[5.78,59.1],[5.77,59.08],[5.75,59.07],[5.67,59.1],[5.6,59.12],[5.58,59.12],[5.59,59.13],[5.61,59.13],[5.62,59.13],[5.63,59.13],[5.65,59.13],[5.68,59.12],[5.7,59.12],[5.72,59.13],[5.74,59.12],[5.76,59.12]]],[[[5.46,59.21],[5.47,59.2],[5.46,59.18],[5.45,59.16],[5.44,59.16],[5.43,59.16],[5.43,59.17],[5.42,59.18],[5.4,59.19],[5.38,59.2],[5.38,59.21],[5.38,59.22],[5.38,59.23],[5.39,59.23],[5.39,59.24],[5.4,59.24],[5.41,59.24],[5.43,59.24],[5.43,59.23],[5.44,59.23],[5.45,59.22],[5.46,59.21]]],[[[6.02,59.29],[6.06,59.24],[5.93,59.24],[6.02,59.29]]],[[[4.85,60.63],[4.78,60.59],[4.79,60.67],[4.85,60.63]]],[[[4.84,61.67],[4.83,61.68],[4.83,61.69],[4.83,61.7],[4.84,61.7],[4.85,61.7],[4.86,61.7],[4.86,61.71],[4.87,61.71],[4.88,61.71],[4.88,61.7],[4.89,61.69],[4.9,61.68],[4.9,61.66],[4.9,61.65],[4.9,61.66],[4.89,61.66],[4.88,61.66],[4.87,61.66],[4.86,61.66],[4.85,61.66],[4.84,61.67]]],[[[14.41,67.43],[14.42,67.42],[14.41,67.41],[14.39,67.4],[14.37,67.39],[14.28,67.38],[14.27,67.38],[14.26,67.37],[14.24,67.37],[14.23,67.38],[14.25,67.39],[14.25,67.4],[14.26,67.4],[14.27,67.4],[14.28,67.41],[14.31,67.42],[14.37,67.44],[14.39,67.44],[14.4,67.44],[14.4,67.43],[14.4,67.42],[14.41,67.43]]]]}},{"type":"Feature","properties":{"name":"Sweden"},"geometry":{"type":"MultiPolygon","coordinates":[[[[20.62,69.04],[22.07,68.48],[22.81,68.39],[23.07,68.29],[23.15,68.13],[23.31,68.15],[23.66,67.95],[23.48,67.86],[23.55,67.59],[23.43,67.49],[23.77,67.42],[23.79,67.34],[23.57,67.17],[24,66.81],[23.89,66.75],[23.88,66.56],[23.65,66.46],[23.66,66.32],[24.01,66.06],[24.16,65.82],[23.92,65.76],[23.2,65.83],[23.24,65.77],[23.1,65.7],[22.63,65.91],[22.68,65.76],[22.51,65.77],[22.48,65.86],[22.33,65.84],[22.33,65.74],[22.21,65.76],[22.39,65.67],[22.19,65.62],[22.31,65.67],[22.41,65.54],[21.76,65.73],[22.2,65.55],[21.85,65.54],[22.03,65.47],[21.93,65.4],[21.47,65.38],[21.67,65.25],[21.26,65.34],[21.54,65.23],[21.59,65.07],[21.24,64.95],[21.17,64.83],[21.04,64.85],[21.31,64.77],[21.23,64.75],[21.3,64.67],[21.12,64.68],[21.48,64.59],[21.53,64.52],[21.35,64.53],[21.61,64.45],[21.08,64.23],[20.69,63.8],[20.5,63.82],[20.39,63.68],[20.33,63.75],[20.31,63.65],[20.28,63.73],[20.24,63.65],[20.03,63.66],[19.7,63.43],[19.42,63.55],[19.52,63.41],[19.35,63.49],[19.06,63.18],[18.91,63.27],[18.75,63.26],[18.91,63.21],[18.79,63.17],[18.7,63.23],[18.76,63.16],[18.56,63.18],[18.65,63.11],[18.24,63],[18.58,62.96],[18.4,62.96],[18.52,62.92],[18.4,62.84],[18.21,62.87],[18.28,62.84],[18.21,62.78],[18.01,62.79],[18.15,62.82],[18.08,62.86],[17.95,62.81],[17.83,63],[17.69,62.99],[18,62.73],[18,62.66],[17.87,62.67],[18.06,62.6],[17.94,62.62],[17.84,62.49],[17.67,62.49],[17.71,62.44],[17.44,62.54],[17.33,62.49],[17.38,62.33],[17.65,62.23],[17.53,62.24],[17.46,62],[17.34,61.94],[17.5,61.64],[17.14,61.73],[17.27,61.69],[17.1,61.64],[17.25,61.61],[17.06,61.58],[17.19,61.56],[17.08,61.55],[17.22,61.45],[17.1,61.4],[17.28,61.31],[17.1,61.32],[17.21,61.24],[17.16,61.02],[17.25,61.01],[17.16,60.95],[17.34,60.77],[17.19,60.69],[17.65,60.62],[17.67,60.5],[17.95,60.6],[18.23,60.33],[18.43,60.35],[18.6,60.24],[18.32,60.32],[18.58,60.07],[18.6,60.15],[18.72,60.13],[18.8,60],[18.75,60.08],[18.82,60.12],[18.92,59.93],[19.07,59.9],[19.07,59.83],[18.89,59.93],[18.94,59.87],[18.73,59.77],[19.09,59.77],[18.27,59.48],[18.34,59.41],[18.01,59.41],[18.22,59.32],[18.47,59.34],[18.43,59.44],[18.65,59.33],[18.29,59.32],[18.43,59.15],[18,59.04],[17.89,58.86],[17.77,58.96],[17.77,58.89],[17.77,59.12],[17.71,59.05],[17.66,59.17],[17.62,58.9],[17.45,58.9],[17.49,58.8],[17.34,58.81],[17.36,58.75],[17.03,58.75],[17.15,58.7],[16.97,58.69],[17.04,58.64],[16.18,58.63],[16.79,58.61],[16.94,58.49],[16.41,58.48],[16.8,58.32],[16.71,58.28],[16.82,58.21],[16.78,58.13],[16.62,58.2],[16.75,58.02],[16.63,58.03],[16.77,57.89],[16.61,57.89],[16.52,58],[16.58,57.9],[16.46,57.9],[16.71,57.75],[16.42,57.89],[16.7,57.72],[16.58,57.71],[16.63,57.62],[16.51,57.57],[16.69,57.47],[16.47,57.28],[16.58,57.04],[16.44,57.05],[16.47,56.77],[16.22,56.61],[15.87,56.1],[15.59,56.21],[14.72,56.17],[14.77,56.03],[14.56,56.06],[14.23,55.86],[14.19,55.74],[14.37,55.55],[14.18,55.39],[12.83,55.38],[12.99,55.45],[12.92,55.55],[13.06,55.67],[12.45,56.3],[12.83,56.25],[12.62,56.42],[12.89,56.46],[12.89,56.64],[12.73,56.65],[12.6,56.82],[12.36,56.92],[12.1,57.24],[12.06,57.46],[11.98,57.35],[11.9,57.39],[11.92,57.62],[11.83,57.66],[11.92,57.7],[11.72,57.69],[11.81,57.79],[11.66,57.84],[11.76,57.9],[11.87,58.35],[11.51,58.24],[11.67,58.42],[11.55,58.46],[11.4,58.26],[11.45,58.34],[11.35,58.36],[11.42,58.44],[11.23,58.34],[11.29,58.58],[11.18,58.72],[11.2,58.92],[11.11,58.95],[11.32,59.1],[11.45,58.9],[11.66,58.92],[11.81,59.25],[11.67,59.61],[11.9,59.71],[11.85,59.87],[12.45,60.05],[12.49,60.31],[12.61,60.42],[12.25,61],[12.7,61.05],[12.89,61.35],[12.16,61.72],[12.32,62.27],[12.09,62.59],[12.16,62.73],[12.09,62.91],[12.22,63],[11.99,63.29],[12.22,63.47],[12.17,63.6],[12.68,63.96],[13.23,64.09],[13.96,64.01],[14.15,64.17],[14.1,64.47],[13.64,64.58],[14.51,65.32],[14.65,65.8],[14.54,66.13],[15.48,66.27],[15.43,66.49],[16.42,67.05],[16.44,67.2],[16.13,67.42],[16.59,67.63],[16.78,67.9],[17.32,68.11],[17.92,67.97],[18.19,68.2],[18.17,68.54],[20.01,68.36],[20.25,68.48],[19.96,68.54],[20.36,68.8],[20.34,68.91],[20.1,69.02],[20.62,69.04]]],[[[17.12,57.32],[16.57,56.35],[16.41,56.23],[16.45,56.64],[16.96,57.29],[17.12,57.32]]],[[[19.04,57.87],[19.09,57.83],[18.82,57.74],[18.76,57.63],[18.77,57.47],[18.93,57.39],[18.39,57.13],[18.4,57],[18.3,56.94],[18.14,56.92],[18.29,57.09],[18.2,57.07],[18.1,57.26],[18.18,57.38],[18.13,57.55],[18.7,57.92],[18.8,57.83],[18.85,57.92],[19.04,57.87]]],[[[19.27,57.98],[19.34,57.96],[19.13,57.85],[19.04,57.91],[19.27,57.98]]],[[[11.74,58.06],[11.6,57.94],[11.5,58.03],[11.74,58.06]]],[[[11.81,58.23],[11.71,58.1],[11.41,58.13],[11.67,58.29],[11.81,58.23]]],[[[19.33,58.37],[19.29,58.35],[19.25,58.34],[19.21,58.35],[19.19,58.39],[19.22,58.39],[19.25,58.39],[19.31,58.38],[19.33,58.37]]],[[[18.43,59.26],[18.42,59.27],[18.41,59.28],[18.4,59.29],[18.34,59.3],[18.46,59.3],[18.52,59.29],[18.61,59.26],[18.56,59.26],[18.54,59.26],[18.52,59.27],[18.52,59.25],[18.53,59.24],[18.58,59.24],[18.55,59.23],[18.52,59.23],[18.47,59.25],[18.43,59.26]]],[[[18.55,60.33],[18.4,60.37],[18.38,60.51],[18.55,60.33]]],[[[20.84,63.77],[20.86,63.8],[20.9,63.79],[20.92,63.77],[20.87,63.75],[20.88,63.76],[20.87,63.77],[20.86,63.77],[20.85,63.77],[20.84,63.77]]],[[[18.49,59.1],[18.49,59.09],[18.48,59.08],[18.46,59.06],[18.44,59.05],[18.43,59.04],[18.43,59.03],[18.42,59.02],[18.41,59.01],[18.4,59.01],[18.39,59.01],[18.38,59.01],[18.37,59.01],[18.36,59.02],[18.34,59.03],[18.35,59.04],[18.36,59.04],[18.36,59.05],[18.35,59.05],[18.35,59.06],[18.36,59.06],[18.37,59.06],[18.38,59.06],[18.38,59.07],[18.37,59.07],[18.37,59.08],[18.42,59.09],[18.43,59.1],[18.45,59.11],[18.47,59.12],[18.48,59.12],[18.49,59.11],[18.49,59.1]]],[[[18.72,59.21],[18.74,59.21],[18.75,59.21],[18.74,59.2],[18.67,59.17],[18.66,59.18],[18.67,59.19],[18.68,59.2],[18.69,59.21],[18.7,59.21],[18.72,59.21]]],[[[18.8,59.29],[18.81,59.29],[18.81,59.28],[18.8,59.28],[18.79,59.27],[18.78,59.26],[18.78,59.25],[18.77,59.25],[18.76,59.25],[18.75,59.26],[18.74,59.26],[18.73,59.26],[18.72,59.26],[18.72,59.27],[18.74,59.29],[18.76,59.29],[18.78,59.3],[18.79,59.3],[18.8,59.29]]],[[[18.68,59.34],[18.66,59.35],[18.65,59.35],[18.65,59.36],[18.64,59.37],[18.65,59.37],[18.69,59.37],[18.7,59.37],[18.71,59.37],[18.72,59.37],[18.73,59.35],[18.74,59.35],[18.74,59.34],[18.75,59.33],[18.74,59.32],[18.73,59.31],[18.68,59.3],[18.67,59.3],[18.68,59.31],[18.69,59.32],[18.68,59.32],[18.68,59.33],[18.68,59.34]]],[[[18.11,59.38],[18.12,59.39],[18.24,59.37],[18.25,59.37],[18.23,59.36],[18.22,59.37],[18.2,59.37],[18.21,59.36],[18.22,59.35],[18.21,59.34],[18.19,59.34],[18.17,59.34],[18.14,59.35],[18.12,59.36],[18.11,59.37],[18.11,59.38]]],[[[18.85,59.4],[18.87,59.4],[18.87,59.39],[18.86,59.39],[18.85,59.39],[18.85,59.4]]],[[[18.94,59.39],[18.95,59.39],[18.95,59.38],[18.94,59.37],[18.92,59.38],[18.91,59.39],[18.9,59.39],[18.9,59.4],[18.91,59.41],[18.92,59.41],[18.94,59.4],[18.94,59.39]]],[[[18.93,59.43],[18.91,59.42],[18.89,59.41],[18.87,59.41],[18.86,59.42],[18.87,59.44],[18.9,59.45],[18.91,59.45],[18.92,59.45],[18.92,59.44],[18.93,59.43]]],[[[18.66,59.51],[18.56,59.42],[18.51,59.48],[18.66,59.51]]],[[[18.98,59.63],[18.99,59.63],[18.98,59.62],[18.97,59.62],[18.96,59.62],[18.94,59.62],[18.93,59.62],[18.91,59.59],[18.91,59.58],[18.9,59.58],[18.89,59.58],[18.86,59.58],[18.86,59.6],[18.87,59.61],[18.94,59.65],[18.95,59.65],[18.96,59.65],[18.98,59.63]]],[[[18.85,59.6],[18.83,59.59],[18.82,59.58],[18.81,59.58],[18.78,59.57],[18.77,59.57],[18.76,59.57],[18.76,59.58],[18.77,59.58],[18.8,59.59],[18.82,59.6],[18.83,59.61],[18.86,59.63],[18.92,59.66],[18.92,59.65],[18.91,59.63],[18.86,59.6],[18.85,59.6]]],[[[19,59.81],[19,59.8],[19,59.79],[18.99,59.79],[18.97,59.79],[18.96,59.79],[18.94,59.79],[18.93,59.79],[18.92,59.79],[18.89,59.79],[18.9,59.81],[18.94,59.85],[18.95,59.86],[18.96,59.86],[18.97,59.86],[18.98,59.86],[18.99,59.85],[19,59.84],[19,59.83],[18.99,59.81],[19,59.81]]],[[[18.72,60.2],[18.73,60.2],[18.71,60.21],[18.72,60.22],[18.74,60.21],[18.75,60.21],[18.76,60.2],[18.77,60.2],[18.77,60.19],[18.78,60.19],[18.79,60.18],[18.78,60.18],[18.79,60.18],[18.8,60.18],[18.81,60.17],[18.81,60.16],[18.78,60.15],[18.76,60.15],[18.74,60.15],[18.72,60.16],[18.71,60.17],[18.71,60.18],[18.71,60.19],[18.72,60.19],[18.72,60.2]]],[[[15.71,56.12],[15.72,56.12],[15.73,56.12],[15.73,56.11],[15.71,56.11],[15.7,56.11],[15.7,56.1],[15.7,56.09],[15.7,56.08],[15.7,56.07],[15.69,56.07],[15.68,56.08],[15.65,56.09],[15.64,56.1],[15.65,56.12],[15.67,56.12],[15.68,56.12],[15.69,56.12],[15.71,56.12]]],[[[16.87,58.3],[16.88,58.3],[16.88,58.29],[16.88,58.28],[16.87,58.27],[16.86,58.27],[16.85,58.28],[16.84,58.29],[16.83,58.3],[16.84,58.31],[16.87,58.3]]],[[[16.89,58.33],[16.91,58.34],[16.92,58.34],[16.91,58.33],[16.9,58.33],[16.9,58.32],[16.88,58.32],[16.87,58.32],[16.85,58.32],[16.83,58.33],[16.81,58.34],[16.81,58.35],[16.8,58.35],[16.8,58.36],[16.8,58.37],[16.79,58.38],[16.79,58.39],[16.81,58.39],[16.82,58.4],[16.83,58.4],[16.84,58.4],[16.85,58.4],[16.86,58.4],[16.86,58.39],[16.85,58.38],[16.84,58.38],[16.83,58.38],[16.85,58.37],[16.83,58.37],[16.83,58.36],[16.85,58.35],[16.87,58.33],[16.89,58.33]]],[[[18.32,58.97],[18.35,58.98],[18.36,58.98],[18.35,58.97],[18.34,58.96],[18.32,58.95],[18.31,58.95],[18.3,58.95],[18.29,58.95],[18.29,58.94],[18.3,58.93],[18.31,58.93],[18.32,58.93],[18.29,58.92],[18.27,58.92],[18.24,58.91],[18.22,58.91],[18.21,58.91],[18.2,58.91],[18.19,58.91],[18.2,58.92],[18.21,58.94],[18.23,58.94],[18.26,58.96],[18.28,58.96],[18.29,58.96],[18.3,58.96],[18.31,58.97],[18.32,58.97]]],[[[18.2,59.01],[18.19,59],[18.19,58.99],[18.18,59],[18.17,59],[18.16,59],[18.15,59.01],[18.15,59],[18.15,58.99],[18.15,58.98],[18.14,58.97],[18.13,58.96],[18.12,58.97],[18.1,58.98],[18.09,58.98],[18.07,58.97],[18.06,58.96],[18.05,58.96],[18.05,58.97],[18.06,58.99],[18.07,58.99],[18.08,58.99],[18.08,59],[18.08,59.01],[18.09,59.02],[18.1,59.02],[18.13,59.02],[18.15,59.03],[18.17,59.03],[18.22,59.02],[18.18,59.01],[18.19,59.01],[18.2,59.01]]],[[[17.71,58.99],[17.64,58.93],[17.65,59.07],[17.71,58.99]]],[[[18.12,62.69],[18.01,62.71],[18.16,62.75],[18.12,62.69]]],[[[20.87,63.67],[20.86,63.66],[20.86,63.65],[20.84,63.64],[20.83,63.64],[20.83,63.65],[20.86,63.68],[20.87,63.68],[20.87,63.67]]],[[[20.9,63.75],[20.91,63.76],[20.92,63.76],[20.94,63.77],[20.95,63.77],[20.94,63.77],[20.94,63.76],[20.94,63.75],[20.93,63.75],[20.94,63.74],[20.94,63.73],[20.93,63.72],[20.92,63.7],[20.91,63.7],[20.89,63.69],[20.88,63.69],[20.86,63.68],[20.86,63.69],[20.88,63.74],[20.89,63.75],[20.9,63.75]]],[[[22.41,65.46],[22.42,65.45],[22.41,65.44],[22.39,65.43],[22.38,65.43],[22.29,65.43],[22.29,65.44],[22.29,65.45],[22.31,65.46],[22.32,65.45],[22.33,65.44],[22.35,65.45],[22.37,65.46],[22.39,65.46],[22.41,65.46]]],[[[22.15,65.43],[22.14,65.45],[22.15,65.46],[22.15,65.47],[22.16,65.47],[22.17,65.47],[22.21,65.47],[22.22,65.46],[22.21,65.46],[22.21,65.45],[22.22,65.44],[22.23,65.44],[22.23,65.43],[22.23,65.42],[22.22,65.42],[22.21,65.42],[22.2,65.43],[22.15,65.43]]],[[[22.59,65.53],[22.61,65.52],[22.62,65.52],[22.61,65.51],[22.6,65.51],[22.59,65.51],[22.57,65.52],[22.55,65.53],[22.56,65.54],[22.58,65.53],[22.59,65.53]]],[[[22.22,65.51],[22.19,65.53],[22.19,65.54],[22.2,65.54],[22.21,65.55],[22.23,65.54],[22.3,65.52],[22.31,65.52],[22.32,65.52],[22.33,65.52],[22.34,65.51],[22.36,65.5],[22.34,65.49],[22.33,65.49],[22.32,65.5],[22.31,65.51],[22.29,65.51],[22.28,65.51],[22.27,65.51],[22.27,65.5],[22.27,65.49],[22.28,65.48],[22.29,65.48],[22.28,65.48],[22.27,65.48],[22.22,65.51]]],[[[22.58,65.58],[22.63,65.59],[22.64,65.59],[22.64,65.58],[22.62,65.58],[22.61,65.57],[22.61,65.56],[22.6,65.55],[22.59,65.56],[22.58,65.56],[22.57,65.56],[22.58,65.55],[22.57,65.55],[22.54,65.56],[22.53,65.57],[22.53,65.58],[22.54,65.58],[22.55,65.58],[22.56,65.58],[22.58,65.58]]],[[[22.57,65.59],[22.56,65.6],[22.55,65.61],[22.57,65.61],[22.6,65.61],[22.6,65.6],[22.59,65.59],[22.57,65.59]]],[[[22.96,65.72],[22.98,65.71],[22.99,65.7],[22.98,65.69],[22.97,65.7],[22.96,65.7],[22.96,65.69],[22.96,65.68],[22.97,65.67],[22.96,65.67],[22.93,65.68],[22.9,65.7],[22.88,65.72],[22.89,65.74],[22.9,65.74],[22.93,65.74],[22.96,65.73],[22.94,65.72],[22.95,65.72],[22.96,65.72]]],[[[23.8,65.75],[23.8,65.74],[23.8,65.73],[23.79,65.73],[23.79,65.72],[23.78,65.72],[23.77,65.71],[23.74,65.7],[23.7,65.71],[23.68,65.72],[23.68,65.74],[23.69,65.75],[23.7,65.74],[23.71,65.74],[23.71,65.75],[23.72,65.75],[23.73,65.75],[23.74,65.74],[23.75,65.74],[23.77,65.74],[23.78,65.75],[23.79,65.74],[23.79,65.75],[23.8,65.75]]],[[[22.74,65.71],[22.74,65.77],[22.81,65.71],[22.74,65.71]]]]}},{"type":"Feature","properties":{"name":"Finland"},"geometry":{"type":"MultiPolygon","coordinates":[[[[28.95,69.03],[28.41,68.9],[28.8,68.84],[28.45,68.53],[28.66,68.2],[29.36,68.06],[29.65,67.82],[30.01,67.69],[29.92,67.51],[29.05,66.91],[29.9,66.11],[30.12,65.69],[29.7,65.63],[29.84,65.56],[29.58,65.24],[29.83,65.21],[29.85,65.11],[29.63,65.06],[29.63,64.91],[29.78,64.8],[30.12,64.77],[30.18,64.64],[29.95,64.57],[30.07,64.47],[30.03,64.4],[30.56,64.22],[30.55,64.02],[29.98,63.74],[30.46,63.47],[31.18,63.23],[31.51,62.97],[31.57,62.91],[31.26,62.52],[29.13,61.21],[27.63,60.47],[27.19,60.58],[26.96,60.45],[26.55,60.43],[26.47,60.49],[26.58,60.59],[26.75,60.57],[26.66,60.65],[26.35,60.38],[25.92,60.49],[26.11,60.34],[25.84,60.4],[25.93,60.25],[25.75,60.32],[25.85,60.27],[25.76,60.24],[25.65,60.36],[25.52,60.25],[25.2,60.25],[25.03,60.15],[24.55,60.16],[24.59,60.06],[24.45,59.99],[24.46,60.05],[24.31,60],[24.32,60.08],[23.43,59.96],[23.51,60.07],[23.25,59.84],[22.89,59.81],[23.33,60.01],[23.11,59.92],[23.26,60.04],[22.87,60.15],[23.08,60.36],[22.53,60.2],[22.65,60.28],[22.45,60.25],[22.62,60.4],[22.29,60.38],[21.9,60.53],[21.79,60.48],[21.84,60.63],[21.61,60.49],[21.58,60.57],[21.41,60.58],[21.47,60.61],[21.35,60.69],[21.47,60.73],[21.33,60.82],[21.43,60.9],[21.3,61.06],[21.48,61.06],[21.44,61.17],[21.56,61.2],[21.45,61.4],[21.57,61.42],[21.42,61.49],[21.59,61.49],[21.48,61.57],[21.72,61.53],[21.54,61.65],[21.59,61.7],[21.38,61.94],[21.24,61.99],[21.39,62.21],[21.31,62.23],[21.34,62.36],[21.13,62.4],[21.13,62.55],[21.21,62.58],[21.07,62.62],[21.16,62.72],[21.11,62.78],[21.38,62.87],[21.44,63.04],[21.69,63.03],[21.5,63.22],[21.89,63.26],[21.98,63.14],[22.04,63.25],[22.33,63.28],[22.19,63.46],[22.4,63.42],[22.28,63.53],[22.39,63.45],[22.59,63.7],[22.76,63.62],[22.92,63.8],[23.42,63.92],[23.38,64.05],[23.62,64.04],[23.57,64.11],[24.33,64.52],[24.54,64.81],[25.07,64.92],[25.36,64.83],[25.2,64.99],[25.44,64.98],[25.36,65.1],[25.21,65.12],[25.33,65.23],[25.32,65.51],[24.67,65.64],[24.55,65.76],[24.71,65.91],[24.22,65.77],[24.01,66.06],[23.69,66.26],[23.65,66.46],[23.88,66.56],[23.89,66.75],[24,66.81],[23.57,67.17],[23.79,67.34],[23.77,67.42],[23.43,67.49],[23.55,67.59],[23.48,67.86],[23.66,67.95],[23.31,68.15],[23.15,68.13],[23.07,68.29],[22.81,68.39],[22.07,68.48],[20.62,69.04],[21.1,69.04],[21.16,69.09],[21.03,69.18],[21.1,69.24],[21.64,69.27],[22.36,68.83],[22.41,68.71],[23.2,68.62],[23.93,68.82],[24.88,68.55],[25.12,68.64],[25.2,68.81],[25.63,68.87],[25.8,68.99],[25.73,69.19],[26.01,69.69],[26.53,69.93],[27.1,69.9],[27.87,70.08],[28.4,69.8],[29.15,69.66],[29.34,69.46],[28.86,69.22],[28.83,69.09],[28.95,69.03]]],[[[22.41,60.05],[22.38,59.99],[22.35,60.08],[22.41,60.05]]],[[[21.5,60.14],[21.53,60.16],[21.57,60.17],[21.61,60.17],[21.65,60.16],[21.65,60.15],[21.64,60.14],[21.61,60.13],[21.63,60.13],[21.64,60.12],[21.63,60.11],[21.61,60.1],[21.6,60.1],[21.57,60.11],[21.56,60.11],[21.53,60.1],[21.52,60.1],[21.51,60.1],[21.5,60.1],[21.49,60.11],[21.48,60.11],[21.5,60.12],[21.52,60.12],[21.56,60.12],[21.55,60.13],[21.53,60.14],[21.5,60.14]]],[[[21.74,60.19],[21.89,60.18],[21.72,60.11],[21.74,60.19]]],[[[21.35,60.21],[21.37,60.2],[21.39,60.19],[21.45,60.19],[21.45,60.18],[21.41,60.18],[21.39,60.18],[21.39,60.16],[21.38,60.16],[21.37,60.17],[21.36,60.17],[21.33,60.18],[21.31,60.18],[21.3,60.19],[21.29,60.19],[21.27,60.19],[21.29,60.2],[21.31,60.21],[21.35,60.21]]],[[[22.06,60.21],[22.07,60.2],[22.01,60.17],[22.02,60.17],[22.03,60.16],[22.04,60.16],[22.01,60.14],[21.98,60.14],[21.95,60.15],[21.94,60.18],[21.95,60.18],[22,60.19],[22.03,60.21],[22.04,60.21],[22.06,60.21]]],[[[25.81,60.21],[25.82,60.22],[25.84,60.22],[25.88,60.22],[25.86,60.2],[25.85,60.2],[25.84,60.2],[25.82,60.2],[25.81,60.21]]],[[[22.21,60.2],[22.22,60.22],[22.25,60.24],[22.27,60.25],[22.29,60.25],[22.3,60.22],[22.27,60.2],[22.23,60.18],[22.21,60.2]]],[[[25.62,60.24],[25.59,60.24],[25.57,60.26],[25.56,60.28],[25.58,60.3],[25.6,60.29],[25.68,60.25],[25.68,60.24],[25.66,60.23],[25.64,60.23],[25.63,60.22],[25.64,60.2],[25.61,60.21],[25.6,60.22],[25.61,60.22],[25.62,60.24]]],[[[22.84,60.24],[22.96,60.29],[22.73,60],[22.47,60],[22.42,60.11],[22.6,60.14],[22.42,60.15],[22.45,60.22],[22.84,60.24]]],[[[22.11,60.31],[22.13,60.32],[22.25,60.31],[22.32,60.3],[22.34,60.29],[22.34,60.27],[22.33,60.27],[22.31,60.27],[22.3,60.27],[22.29,60.27],[22.28,60.27],[22.27,60.26],[22.26,60.26],[22.22,60.25],[22.2,60.25],[22.22,60.27],[22.2,60.28],[22.18,60.28],[22.16,60.28],[22.14,60.28],[22.18,60.28],[22.16,60.26],[22.14,60.26],[22.11,60.27],[22.09,60.27],[22.08,60.27],[22.08,60.28],[22.08,60.3],[22.11,60.31]]],[[[22.39,60.32],[22.37,60.31],[22.35,60.31],[22.31,60.32],[22.33,60.34],[22.35,60.35],[22.37,60.35],[22.4,60.36],[22.4,60.35],[22.4,60.34],[22.43,60.33],[22.44,60.33],[22.46,60.33],[22.47,60.33],[22.48,60.32],[22.45,60.31],[22.43,60.3],[22.39,60.29],[22.37,60.29],[22.37,60.3],[22.38,60.31],[22.39,60.32]]],[[[22,60.33],[21.79,60.37],[21.8,60.46],[22,60.33]]],[[[21.73,60.48],[21.72,60.47],[21.7,60.46],[21.69,60.46],[21.68,60.46],[21.69,60.48],[21.71,60.51],[21.74,60.53],[21.76,60.53],[21.76,60.51],[21.75,60.5],[21.73,60.48]]],[[[21.32,60.48],[21.3,60.49],[21.27,60.49],[21.25,60.5],[21.26,60.52],[21.25,60.53],[21.24,60.54],[21.23,60.56],[21.25,60.56],[21.28,60.54],[21.3,60.52],[21.31,60.51],[21.32,60.48]]],[[[21.39,60.56],[21.48,60.53],[21.44,60.47],[21.33,60.53],[21.39,60.56]]],[[[21.3,60.57],[21.28,60.57],[21.27,60.57],[21.27,60.58],[21.26,60.59],[21.24,60.59],[21.23,60.59],[21.22,60.6],[21.21,60.62],[21.22,60.62],[21.24,60.63],[21.25,60.64],[21.26,60.65],[21.27,60.64],[21.27,60.63],[21.28,60.62],[21.29,60.62],[21.28,60.6],[21.28,60.59],[21.28,60.58],[21.3,60.57]]],[[[21.26,60.88],[21.2,60.89],[21.3,60.9],[21.27,60.97],[21.37,60.93],[21.26,60.88]]],[[[21.42,63.25],[21.24,63.15],[21.08,63.29],[21.42,63.25]]],[[[21.32,63.29],[21.23,63.33],[21.35,63.36],[21.32,63.29]]],[[[24.99,65.06],[24.75,64.95],[24.56,65.04],[24.99,65.06]]],[[[23.92,59.97],[23.92,59.96],[23.91,59.95],[23.9,59.95],[23.89,59.95],[23.87,59.95],[23.86,59.95],[23.85,59.95],[23.85,59.96],[23.87,59.97],[23.89,59.98],[23.92,59.97]]],[[[22.89,60.07],[22.92,60.07],[22.93,60.07],[22.92,60.06],[22.92,60.05],[22.91,60.04],[22.9,60.04],[22.89,60.03],[22.88,60.02],[22.88,60.01],[22.87,60.01],[22.86,60.01],[22.85,60.03],[22.86,60.04],[22.88,60.04],[22.88,60.05],[22.86,60.05],[22.86,60.06],[22.89,60.07]]],[[[22.96,60.11],[22.96,60.1],[22.96,60.09],[22.95,60.08],[22.94,60.08],[22.93,60.09],[22.92,60.08],[22.9,60.08],[22.87,60.08],[22.86,60.08],[22.85,60.08],[22.85,60.09],[22.86,60.09],[22.86,60.1],[22.87,60.11],[22.88,60.11],[22.89,60.12],[22.92,60.13],[22.94,60.12],[22.95,60.12],[22.96,60.11]]],[[[21.99,60.13],[22,60.13],[22.01,60.12],[21.99,60.11],[21.97,60.11],[21.94,60.11],[21.94,60.12],[21.93,60.12],[21.94,60.13],[21.95,60.14],[21.96,60.14],[21.98,60.13],[21.99,60.13]]],[[[22.31,60.19],[22.38,60.2],[22.39,60.2],[22.37,60.18],[22.34,60.17],[22.32,60.16],[22.33,60.15],[22.34,60.15],[22.32,60.15],[22.3,60.15],[22.29,60.15],[22.29,60.16],[22.29,60.17],[22.3,60.17],[22.3,60.18],[22.3,60.19],[22.31,60.19]]],[[[21.98,60.28],[21.97,60.29],[21.98,60.29],[22,60.3],[22.01,60.3],[22.01,60.29],[22,60.29],[21.98,60.28]]],[[[21.96,60.28],[21.94,60.28],[21.93,60.28],[21.91,60.28],[21.9,60.29],[21.88,60.29],[21.88,60.3],[21.88,60.31],[21.9,60.31],[21.91,60.31],[21.93,60.31],[21.96,60.31],[21.97,60.31],[21.98,60.3],[21.96,60.28]]],[[[22.3,60.37],[22.29,60.36],[22.2,60.34],[22.19,60.34],[22.17,60.34],[22.16,60.35],[22.16,60.36],[22.26,60.37],[22.28,60.37],[22.3,60.37]]],[[[22.21,60.38],[22.11,60.35],[22.1,60.35],[22.12,60.37],[22.14,60.38],[22.15,60.38],[22.21,60.38]]],[[[21.34,60.38],[21.35,60.37],[21.36,60.36],[21.36,60.35],[21.35,60.35],[21.34,60.35],[21.33,60.36],[21.33,60.37],[21.32,60.37],[21.3,60.36],[21.29,60.37],[21.3,60.38],[21.31,60.39],[21.32,60.39],[21.34,60.38]]],[[[26.6,60.45],[26.64,60.43],[26.65,60.43],[26.65,60.42],[26.64,60.41],[26.57,60.41],[26.56,60.4],[26.55,60.38],[26.54,60.38],[26.53,60.39],[26.51,60.4],[26.51,60.41],[26.56,60.42],[26.57,60.42],[26.58,60.43],[26.58,60.44],[26.59,60.45],[26.6,60.45]]],[[[22.03,63.32],[22.06,63.3],[22.06,63.29],[22.05,63.28],[22.03,63.28],[22.01,63.28],[22.01,63.29],[22,63.29],[22,63.28],[21.99,63.28],[21.98,63.28],[21.97,63.29],[21.98,63.3],[21.99,63.31],[22,63.31],[22.02,63.31],[22.03,63.31],[22.01,63.32],[22.01,63.33],[22.02,63.33],[22.02,63.32],[22.03,63.32]]],[[[22.14,63.25],[22.07,63.32],[22.24,63.33],[22.14,63.25]]],[[[21.96,63.33],[21.95,63.33],[21.95,63.34],[21.96,63.35],[21.97,63.36],[21.97,63.37],[21.98,63.37],[21.99,63.38],[22,63.38],[22.01,63.39],[22.03,63.38],[22.05,63.39],[22.06,63.39],[22.07,63.39],[22.08,63.38],[22.09,63.38],[22.1,63.38],[22.09,63.38],[22.08,63.38],[22.08,63.37],[22.09,63.37],[22.08,63.36],[22.06,63.36],[22.03,63.37],[22.01,63.36],[22,63.35],[21.98,63.34],[21.97,63.33],[21.96,63.33]]],[[[22.81,63.78],[22.82,63.78],[22.83,63.78],[22.83,63.77],[22.82,63.77],[22.82,63.76],[22.81,63.75],[22.8,63.74],[22.79,63.74],[22.78,63.74],[22.78,63.73],[22.76,63.73],[22.76,63.72],[22.74,63.72],[22.72,63.73],[22.7,63.74],[22.69,63.75],[22.69,63.76],[22.68,63.76],[22.7,63.77],[22.71,63.77],[22.72,63.78],[22.74,63.79],[22.76,63.79],[22.78,63.79],[22.79,63.78],[22.8,63.78],[22.81,63.78]]],[[[22.5,59.88],[22.51,59.88],[22.51,59.87],[22.44,59.85],[22.43,59.85],[22.42,59.85],[22.41,59.86],[22.42,59.87],[22.43,59.87],[22.46,59.87],[22.48,59.87],[22.49,59.88],[22.5,59.88]]],[[[21.6,60.25],[21.62,60.26],[21.63,60.25],[21.62,60.24],[21.61,60.23],[21.6,60.22],[21.59,60.22],[21.58,60.22],[21.56,60.23],[21.56,60.24],[21.57,60.26],[21.59,60.27],[21.6,60.27],[21.61,60.26],[21.6,60.26],[21.6,60.25]]],[[[21.26,60.85],[21.27,60.85],[21.27,60.84],[21.26,60.83],[21.25,60.83],[21.21,60.85],[21.21,60.84],[21.2,60.84],[21.2,60.85],[21.19,60.86],[21.21,60.86],[21.22,60.86],[21.22,60.85],[21.23,60.85],[21.24,60.85],[21.25,60.85],[21.26,60.85]]],[[[21.42,61.18],[21.43,61.17],[21.42,61.17],[21.39,61.18],[21.37,61.18],[21.35,61.18],[21.34,61.19],[21.35,61.2],[21.36,61.2],[21.36,61.21],[21.38,61.21],[21.39,61.21],[21.39,61.2],[21.39,61.19],[21.42,61.18]]],[[[21.52,61.63],[21.53,61.63],[21.52,61.63],[21.51,61.62],[21.5,61.62],[21.48,61.62],[21.46,61.63],[21.47,61.63],[21.48,61.64],[21.52,61.63]]],[[[21.21,62.95],[21.19,62.95],[21.18,62.95],[21.17,62.95],[21.15,62.95],[21.14,62.96],[21.14,62.97],[21.15,62.97],[21.15,62.96],[21.15,62.97],[21.16,62.98],[21.15,62.98],[21.14,62.98],[21.13,62.99],[21.13,63],[21.14,63.01],[21.15,63.01],[21.16,63.01],[21.16,63],[21.18,63],[21.2,62.99],[21.21,62.99],[21.22,62.98],[21.22,62.96],[21.22,62.95],[21.21,62.95]]]]}},{"type":"Feature","properties":{"name":"Luxembourg"},"geometry":{"type":"Polygon","coordinates":[[[6.12,50.12],[6.16,49.94],[6.5,49.8],[6.35,49.46],[5.96,49.44],[5.79,49.54],[5.89,49.64],[5.71,49.88],[5.96,50.17],[6.12,50.12]]]}},{"type":"Feature","properties":{"name":"Belgium"},"geometry":{"type":"Polygon","coordinates":[[[2.52,51.09],[3.35,51.38],[3.4,51.24],[3.64,51.29],[3.95,51.21],[4.22,51.37],[4.31,51.27],[4.26,51.37],[4.41,51.36],[4.43,51.46],[4.64,51.42],[4.78,51.5],[4.76,51.41],[4.91,51.39],[5.03,51.48],[5.22,51.26],[5.49,51.29],[5.83,51.16],[5.62,50.83],[6.25,50.61],[6.16,50.54],[6.34,50.48],[6.37,50.32],[6.12,50.12],[5.96,50.17],[5.71,49.88],[5.89,49.64],[5.84,49.56],[5.46,49.5],[5.26,49.69],[4.85,49.79],[4.78,49.96],[4.86,50.15],[4.65,49.98],[4.13,49.97],[4.21,50.06],[4.13,50.13],[4.19,50.27],[3.7,50.3],[3.61,50.48],[3.29,50.51],[3.13,50.78],[2.79,50.72],[2.59,50.84],[2.52,51.09]]]}},{"type":"Feature","properties":{"name":"North Macedonia"},"geometry":{"type":"Polygon","coordinates":[[[20.57,41.87],[20.7,41.85],[20.78,42.08],[21.1,42.2],[21.3,42.09],[21.44,42.25],[22.27,42.37],[22.51,42.14],[22.83,42.03],[23.01,41.72],[22.94,41.35],[22.75,41.32],[22.7,41.14],[22.04,41.15],[21.77,40.92],[20.97,40.85],[20.73,40.9],[20.51,41.21],[20.54,41.4],[20.44,41.55],[20.53,41.57],[20.57,41.87]]]}},{"type":"Feature","properties":{"name":"Albania"},"geometry":{"type":"Polygon","coordinates":[[[20.57,41.87],[20.53,41.57],[20.44,41.55],[20.54,41.4],[20.51,41.21],[20.73,40.9],[20.96,40.89],[21.04,40.64],[20.94,40.47],[20.77,40.42],[20.65,40.09],[20.3,39.99],[20.4,39.82],[20.27,39.8],[20.3,39.72],[20.16,39.64],[19.98,39.7],[20.02,39.85],[19.86,40.05],[19.51,40.19],[19.29,40.42],[19.47,40.34],[19.44,40.57],[19.3,40.65],[19.38,40.91],[19.53,40.95],[19.45,40.92],[19.52,41.26],[19.39,41.41],[19.52,41.51],[19.44,41.59],[19.61,41.61],[19.59,41.82],[19.36,41.86],[19.37,42.11],[19.27,42.19],[19.72,42.65],[19.78,42.47],[20.04,42.56],[20.24,42.32],[20.46,42.25],[20.57,41.87]]]}},{"type":"Feature","properties":{"name":"Kosovo"},"geometry":{"type":"Polygon","coordinates":[[[20.06,42.55],[20.03,42.75],[20.48,42.86],[20.46,42.95],[20.67,43.11],[20.6,43.2],[20.77,43.26],[21.41,42.85],[21.38,42.74],[21.77,42.65],[21.52,42.34],[21.56,42.25],[21.35,42.22],[21.3,42.09],[21.1,42.2],[20.78,42.08],[20.68,41.84],[20.56,41.89],[20.5,42.21],[20.24,42.32],[20.06,42.55]]]}},{"type":"Feature","properties":{"name":"Spain"},"geometry":{"type":"MultiPolygon","coordinates":[[[[-5.34,35.85],[-5.39,35.93],[-5.28,35.91],[-5.34,35.85]]],[[[-2.95,35.33],[-2.92,35.29],[-2.91,35.28],[-2.94,35.27],[-2.96,35.29],[-2.97,35.31],[-2.95,35.33]]],[[[-1.79,43.39],[-1.75,43.29],[-1.4,43.24],[-1.48,43.06],[-1.29,43.11],[-0.76,42.95],[-0.57,42.77],[-0.32,42.84],[-0.04,42.69],[0.64,42.68],[0.72,42.85],[1.34,42.71],[1.45,42.43],[1.71,42.5],[1.98,42.35],[2.28,42.43],[2.5,42.33],[2.93,42.47],[3.18,42.43],[3.17,42.36],[3.32,42.32],[3.12,42.22],[3.21,41.91],[2.3,41.47],[2.13,41.3],[0.99,41.04],[0.71,40.82],[0.86,40.69],[0.56,40.59],[-0.33,39.48],[-0.16,39],[0.23,38.73],[-0.51,38.34],[-0.5,38.21],[-0.61,38.18],[-0.86,37.74],[-0.73,37.6],[-1.24,37.58],[-1.64,37.38],[-1.9,36.94],[-2.15,36.73],[-2.36,36.84],[-2.56,36.82],[-2.72,36.68],[-2.91,36.75],[-4.42,36.72],[-4.65,36.51],[-5.19,36.41],[-5.34,36.14],[-5.43,36.18],[-5.44,36.06],[-5.61,36.01],[-6.04,36.19],[-6.31,36.53],[-6.22,36.47],[-6.23,36.58],[-6.38,36.62],[-6.43,36.75],[-6.19,36.93],[-6.39,36.81],[-6.91,37.19],[-6.85,37.3],[-6.93,37.17],[-7.41,37.19],[-7.53,37.57],[-7.27,37.98],[-7.02,38.02],[-6.95,38.2],[-7.12,38.18],[-7.36,38.45],[-7.27,38.74],[-7.06,38.85],[-6.97,39.02],[-7.26,39.21],[-7.31,39.46],[-7.56,39.68],[-7.02,39.69],[-6.88,40.01],[-7.04,40.18],[-6.79,40.36],[-6.86,40.44],[-6.82,40.87],[-6.93,41.05],[-6.8,41.06],[-6.65,41.27],[-6.46,41.31],[-6.21,41.57],[-6.56,41.67],[-6.52,41.87],[-6.61,41.96],[-7.16,41.99],[-7.43,41.81],[-7.91,41.91],[-8.18,41.81],[-8.23,41.9],[-8.1,42.06],[-8.22,42.15],[-8.88,41.89],[-8.9,42.12],[-8.62,42.35],[-8.87,42.26],[-8.66,42.43],[-8.94,42.47],[-8.82,42.47],[-8.73,42.69],[-9.03,42.54],[-9.03,42.71],[-8.88,42.82],[-9.08,42.75],[-9.13,42.92],[-9.27,42.89],[-9.28,43.05],[-9.11,43.14],[-9.22,43.16],[-8.84,43.34],[-8.69,43.29],[-8.33,43.41],[-8.21,43.31],[-8.18,43.42],[-8.31,43.45],[-8.17,43.49],[-8.33,43.47],[-8.31,43.57],[-7.69,43.79],[-7.27,43.56],[-7.04,43.56],[-7.04,43.48],[-6.94,43.57],[-6.05,43.57],[-5.84,43.66],[-5.68,43.56],[-4.48,43.38],[-3.83,43.5],[-3.82,43.42],[-3.58,43.52],[-3.43,43.47],[-3.46,43.41],[-3.01,43.32],[-2.95,43.43],[-2.79,43.45],[-2.16,43.29],[-1.79,43.39]]],[[[1.98,42.44],[1.96,42.44],[1.95,42.45],[1.95,42.46],[1.96,42.48],[1.97,42.49],[1.98,42.47],[1.99,42.46],[2,42.44],[1.99,42.44],[1.98,42.44]]],[[[-17.93,27.85],[-17.98,27.64],[-18.16,27.72],[-17.93,27.85]]],[[[-15.39,28.03],[-15.38,27.85],[-15.58,27.73],[-15.82,27.9],[-15.71,28.17],[-15.41,28.18],[-15.39,28.03]]],[[[-17.31,28.21],[-17.11,28.08],[-17.31,28.05],[-17.31,28.21]]],[[[-16.43,28.15],[-16.69,28],[-16.92,28.35],[-16.14,28.58],[-16.36,28.38],[-16.43,28.15]]],[[[-13.97,28.74],[-13.82,28.68],[-13.93,28.24],[-14.34,28.05],[-14.51,28.07],[-14.21,28.23],[-13.97,28.74]]],[[[-17.76,28.82],[-17.84,28.46],[-18,28.78],[-17.91,28.86],[-17.76,28.82]]],[[[-13.48,29.24],[-13.42,29.21],[-13.48,29],[-13.87,28.86],[-13.8,29.05],[-13.48,29.24]]],[[[-13.49,29.28],[-13.48,29.27],[-13.49,29.24],[-13.52,29.23],[-13.54,29.23],[-13.54,29.24],[-13.53,29.25],[-13.52,29.27],[-13.51,29.29],[-13.49,29.28]]],[[[-0.73,37.75],[-0.74,37.73],[-0.74,37.7],[-0.73,37.67],[-0.75,37.68],[-0.75,37.71],[-0.75,37.75],[-0.75,37.77],[-0.74,37.76],[-0.74,37.75],[-0.73,37.75]]],[[[1.53,38.68],[1.38,38.64],[1.44,38.76],[1.53,38.68]]],[[[1.61,39.09],[1.4,38.83],[1.21,38.9],[1.36,39.08],[1.61,39.09]]],[[[3.35,39.78],[3.47,39.69],[3.07,39.27],[2.76,39.4],[2.68,39.56],[2.49,39.47],[2.35,39.58],[2.78,39.86],[3.18,39.97],[3.12,39.81],[3.35,39.78]]],[[[4.3,39.93],[4.34,39.87],[4.25,39.82],[3.83,39.94],[3.8,40.02],[4.11,40.08],[4.3,39.93]]],[[[2.99,39.17],[2.98,39.14],[2.96,39.12],[2.93,39.12],[2.91,39.15],[2.94,39.17],[2.98,39.19],[2.99,39.17]]],[[[-4.300045,35.172724],[-4.298701,35.172612],[-4.2969,35.172249],[-4.29773,35.171537],[-4.299392,35.171656],[-4.300935,35.172071],[-4.301885,35.172664],[-4.301054,35.172902],[-4.300045,35.172724]]],[[[-3.902962,35.21531],[-3.902329,35.215905],[-3.901957,35.215464],[-3.902533,35.214787],[-3.903132,35.215039],[-3.902962,35.21531]]],[[[-3.900732,35.217827],[-3.899953,35.217861],[-3.899818,35.217285],[-3.900495,35.217353],[-3.901003,35.217217],[-3.901308,35.217319],[-3.901274,35.217624],[-3.900732,35.217827]]],[[[-2.43,35.19],[-2.43,35.18],[-2.44,35.18],[-2.43,35.19]]],[[[-5.418774,35.915597],[-5.41597,35.913531],[-5.417888,35.910874],[-5.42025,35.911612],[-5.42084,35.914269],[-5.418774,35.915597]]]]}},{"type":"Feature","properties":{"name":"Denmark"},"geometry":{"type":"MultiPolygon","coordinates":[[[[8.66,54.9],[8.68,55.13],[8.46,55.1],[8.49,55.2],[8.69,55.14],[8.62,55.44],[8.44,55.46],[8.33,55.58],[8.24,55.56],[8.33,55.47],[8.09,55.56],[8.18,55.73],[8.13,55.99],[8.19,55.81],[8.39,55.89],[8.28,56.08],[8.15,56.11],[8.11,56.01],[8.13,56.59],[8.22,56.71],[8.31,56.55],[8.57,56.58],[8.73,56.48],[8.68,56.63],[9.09,56.81],[9.18,56.71],[9.05,56.58],[9.16,56.66],[9.33,56.53],[9.31,56.7],[9.17,56.69],[9.24,56.73],[9.16,56.89],[9.22,56.96],[9.92,57.06],[9.8,57.11],[9.27,57],[9.11,57.06],[8.67,56.95],[8.48,56.78],[8.53,56.7],[8.41,56.69],[8.59,56.69],[8.56,56.59],[8.29,56.77],[8.25,56.7],[8.27,56.84],[8.59,57.11],[9.41,57.17],[9.97,57.59],[10.65,57.74],[10.43,57.57],[10.55,57.44],[10.54,57.24],[10.34,57],[9.93,57.06],[10.3,56.99],[10.34,56.72],[9.81,56.64],[10.33,56.7],[10.18,56.47],[10.31,56.6],[10.79,56.54],[10.96,56.45],[10.91,56.33],[10.74,56.15],[10.63,56.24],[10.55,56.1],[10.35,56.2],[10.49,56.22],[10.4,56.3],[10.22,56.15],[10.28,56.02],[10.18,55.83],[9.87,55.85],[10.05,55.81],[10.01,55.7],[9.55,55.71],[9.85,55.63],[9.5,55.49],[9.66,55.48],[9.6,55.37],[9.71,55.24],[9.49,55.16],[9.56,55.09],[9.43,55.04],[9.73,55],[9.75,54.84],[9.62,54.93],[9.33,54.8],[8.66,54.9]]],[[[11.85,54.73],[11.45,54.63],[11,54.79],[11.11,54.83],[11.02,54.89],[11.07,54.95],[11.23,54.96],[11.59,54.81],[11.65,54.91],[11.85,54.73]]],[[[10.45,54.9],[10.52,54.85],[10.41,54.82],[10.19,54.98],[10.45,54.9]]],[[[12.42,55.03],[12.54,54.95],[12.12,54.91],[12.29,54.99],[12.25,55.06],[12.42,55.03]]],[[[10.01,54.98],[10.07,54.89],[9.95,54.86],[9.63,55.06],[10.01,54.98]]],[[[10.85,55.04],[10.68,54.74],[10.6,54.84],[10.85,55.04]]],[[[15.15,55.13],[15.07,54.99],[14.68,55.1],[14.76,55.31],[15.15,55.13]]],[[[8.48,55.35],[8.45,55.34],[8.43,55.36],[8.4,55.38],[8.37,55.43],[8.36,55.45],[8.37,55.46],[8.41,55.47],[8.41,55.44],[8.43,55.43],[8.45,55.44],[8.46,55.43],[8.46,55.42],[8.45,55.39],[8.45,55.38],[8.46,55.37],[8.47,55.35],[8.48,55.35]]],[[[10.67,55.06],[10.2,55.06],[10,55.2],[9.98,55.13],[9.68,55.51],[10.31,55.62],[10.52,55.53],[10.47,55.44],[10.61,55.49],[10.63,55.61],[10.74,55.49],[10.55,55.44],[10.68,55.45],[10.83,55.31],[10.79,55.13],[10.67,55.06]]],[[[12.62,55.69],[12.67,55.6],[12.56,55.55],[12.52,55.62],[12.62,55.69]]],[[[10.56,55.87],[10.54,56],[10.67,55.89],[10.58,55.76],[10.56,55.87]]],[[[12.04,54.89],[12.17,54.84],[11.93,54.58],[11.71,54.94],[11.88,54.98],[11.62,55.09],[11.83,55.05],[11.72,55.13],[11.81,55.15],[11.26,55.2],[11.29,55.26],[11.09,55.36],[11.21,55.4],[11.08,55.51],[11.15,55.58],[10.88,55.74],[11.19,55.7],[11.48,55.84],[11.48,55.94],[11.27,56],[11.77,55.97],[11.66,55.91],[11.72,55.81],[11.61,55.78],[11.74,55.8],[11.66,55.73],[11.78,55.66],[11.93,55.93],[12.05,55.74],[11.91,55.66],[12.06,55.65],[12.03,55.94],[11.87,55.97],[12.25,56.13],[12.62,56.04],[12.51,55.93],[12.6,55.71],[12.2,55.49],[12.47,55.29],[12.01,55.17],[12.18,55.11],[12.15,54.99],[11.9,55],[11.9,54.92],[12.04,54.89]]],[[[11.51,56.7],[11.51,56.71],[11.52,56.72],[11.61,56.72],[11.65,56.73],[11.65,56.72],[11.64,56.72],[11.62,56.71],[11.6,56.7],[11.59,56.69],[11.58,56.68],[11.56,56.68],[11.54,56.68],[11.52,56.68],[11.51,56.7]]],[[[8.83,56.74],[8.66,56.68],[8.51,56.74],[8.92,56.98],[8.83,56.74]]],[[[11.14,57.33],[11.2,57.3],[11.03,57.2],[10.85,57.26],[11.14,57.33]]]]}},{"type":"Feature","properties":{"name":"Romania"},"geometry":{"type":"Polygon","coordinates":[[[22.88,47.95],[23.16,48.1],[23.46,47.97],[24.57,47.94],[24.93,47.71],[25.26,47.9],[26.17,47.99],[26.3,48.21],[26.73,48.27],[26.95,48.2],[27.62,47.32],[28.07,46.99],[28.25,46.63],[28.08,46.02],[28.17,45.63],[28.06,45.59],[28.33,45.32],[28.71,45.23],[29.31,45.44],[29.62,45.37],[29.7,45.16],[29.62,44.86],[29,44.69],[29.14,44.8],[29.04,44.87],[29.11,44.97],[28.87,44.94],[28.95,44.77],[28.78,44.65],[28.99,44.68],[28.73,44.57],[28.77,44.47],[28.92,44.6],[28.64,44.33],[28.67,43.99],[28.58,43.74],[28.22,43.76],[27.98,43.85],[27.91,43.99],[27.37,44.02],[27.03,44.18],[26.15,44.01],[25.78,43.73],[25.43,43.65],[23.48,43.88],[22.89,43.84],[22.87,43.97],[23.03,44.09],[22.69,44.23],[22.48,44.46],[22.58,44.57],[22.77,44.58],[22.42,44.73],[22.13,44.5],[21.99,44.66],[21.41,44.78],[21.35,44.85],[21.54,44.91],[21.35,45],[21.49,45.15],[20.78,45.47],[20.79,45.75],[20.69,45.74],[20.24,46.11],[21.14,46.28],[21.28,46.42],[21.3,46.6],[21.5,46.7],[21.63,47.02],[22,47.39],[22.01,47.52],[22.26,47.72],[22.64,47.77],[22.88,47.95]]]}},{"type":"Feature","properties":{"name":"Hungary"},"geometry":{"type":"Polygon","coordinates":[[[22.88,47.95],[22.64,47.77],[22.26,47.72],[22.01,47.52],[22,47.39],[21.63,47.02],[21.5,46.7],[21.3,46.6],[21.28,46.42],[21.14,46.28],[20.8,46.27],[20.61,46.13],[19.57,46.17],[19.26,45.98],[18.66,45.91],[18.41,45.74],[17.86,45.77],[17.59,45.94],[17.29,45.98],[16.87,46.36],[16.52,46.5],[16.31,46.74],[16.33,46.84],[16.09,46.86],[16.29,47.01],[16.49,47],[16.42,47.02],[16.51,47.14],[16.41,47.19],[16.43,47.4],[16.69,47.54],[16.43,47.69],[17.08,47.71],[17,47.86],[17.18,48.02],[17.83,47.75],[18.69,47.78],[18.82,47.83],[18.74,47.97],[18.84,48.04],[19.43,48.09],[19.62,48.23],[19.91,48.12],[20.3,48.26],[20.48,48.53],[20.8,48.57],[21.08,48.49],[21.44,48.56],[21.76,48.33],[22.24,48.42],[22.36,48.24],[22.48,48.24],[22.6,48.1],[22.75,48.12],[22.88,47.95]]]}},{"type":"Feature","properties":{"name":"Slovakia"},"geometry":{"type":"Polygon","coordinates":[[[22.54,49.07],[22.31,48.68],[22.15,48.59],[22.1,48.38],[21.76,48.33],[21.44,48.56],[20.48,48.53],[20.3,48.26],[19.91,48.12],[19.62,48.23],[19.43,48.09],[18.84,48.04],[18.74,47.97],[18.82,47.83],[18.69,47.78],[17.72,47.77],[17.34,48],[17.07,48.04],[16.84,48.37],[17.17,48.86],[17.73,48.86],[18.08,49.05],[18.16,49.26],[18.56,49.49],[18.93,49.5],[18.96,49.39],[19.14,49.39],[19.43,49.6],[19.63,49.4],[19.77,49.39],[19.76,49.19],[20.05,49.17],[20.31,49.39],[20.69,49.4],[20.92,49.29],[21.27,49.45],[21.82,49.38],[22.01,49.21],[22.54,49.07]]]}},{"type":"Feature","properties":{"name":"Poland"},"geometry":{"type":"Polygon","coordinates":[[[18.83,49.51],[18.79,49.67],[18.62,49.71],[18.56,49.91],[18.29,49.91],[18,50.05],[17.84,49.97],[17.63,50.11],[17.6,50.17],[17.75,50.22],[17.69,50.32],[17.42,50.24],[16.89,50.43],[17.01,50.21],[16.66,50.09],[16.19,50.42],[16.43,50.57],[16.3,50.66],[15.98,50.6],[15.96,50.69],[15.79,50.74],[15.37,50.77],[15.16,51.01],[15,51.02],[14.98,50.86],[14.81,50.86],[15.02,51.27],[14.95,51.45],[14.71,51.53],[14.73,51.66],[14.58,51.83],[14.76,52.08],[14.54,52.42],[14.64,52.58],[14.12,52.85],[14.44,53.25],[14.26,53.7],[14.6,53.6],[14.54,53.7],[14.63,53.85],[14.43,53.91],[14.29,53.82],[14.18,53.91],[16.18,54.26],[16.57,54.56],[18.15,54.84],[18.75,54.69],[18.81,54.6],[18.46,54.79],[18.41,54.73],[18.59,54.43],[18.89,54.35],[19.61,54.46],[22.7,54.34],[22.86,54.4],[23.43,54.17],[23.59,53.61],[23.89,53.15],[23.92,52.74],[23.39,52.51],[23.17,52.29],[23.64,52.08],[23.54,51.59],[23.7,51.4],[23.64,51.3],[24.14,50.86],[23.96,50.81],[24.11,50.54],[23.98,50.4],[23.68,50.37],[22.67,49.57],[22.74,49.28],[22.68,49.16],[22.86,48.99],[22.21,49.14],[21.6,49.43],[21.07,49.42],[20.92,49.29],[20.69,49.4],[20.31,49.39],[20.05,49.17],[19.76,49.19],[19.77,49.39],[19.63,49.4],[19.46,49.6],[19.14,49.39],[18.96,49.39],[18.96,49.49],[18.83,49.51]]]}},{"type":"Feature","properties":{"name":"Ireland"},"geometry":{"type":"MultiPolygon","coordinates":[[[[-7.25,55.07],[-7.41,55],[-7.54,54.74],[-7.93,54.7],[-7.71,54.6],[-8.17,54.46],[-7.84,54.2],[-7.33,54.11],[-7.15,54.22],[-7.19,54.34],[-7.02,54.41],[-6.64,54.17],[-6.63,54.04],[-6.28,54.11],[-6.11,54.01],[-6.36,54.02],[-6.38,53.93],[-6.24,53.87],[-6.24,53.67],[-6.08,53.57],[-6.19,53.46],[-6.06,53.37],[-6.22,53.35],[-6.1,53.29],[-5.99,52.96],[-6.37,52.34],[-6.5,52.36],[-6.37,52.32],[-6.35,52.2],[-6.76,52.26],[-6.93,52.12],[-7,52.29],[-7.02,52.14],[-7.6,52.1],[-7.59,51.99],[-7.85,51.98],[-7.89,51.88],[-8.13,51.8],[-8.25,51.8],[-8.19,51.9],[-8.41,51.89],[-8.28,51.8],[-8.56,51.71],[-8.53,51.61],[-8.76,51.64],[-8.7,51.58],[-9.22,51.49],[-9.38,51.47],[-9.32,51.54],[-9.46,51.56],[-9.82,51.45],[-9.55,51.61],[-9.85,51.55],[-9.46,51.68],[-9.54,51.76],[-10.16,51.58],[-9.58,51.88],[-10.14,51.74],[-10.19,51.84],[-10.34,51.79],[-10.4,51.88],[-10.25,51.91],[-10.27,51.99],[-9.76,52.15],[-10.46,52.1],[-10.45,52.19],[-10.06,52.31],[-9.74,52.25],[-9.87,52.27],[-9.83,52.38],[-9.95,52.41],[-9.63,52.47],[-9.62,52.58],[-8.75,52.67],[-8.96,52.69],[-8.94,52.78],[-9.15,52.62],[-9.58,52.67],[-9.94,52.56],[-9.5,52.75],[-9.35,52.93],[-9.48,52.94],[-9.27,53.15],[-9.07,53.12],[-9.13,53.16],[-8.89,53.22],[-9.61,53.24],[-9.55,53.39],[-9.81,53.3],[-9.9,53.33],[-9.8,53.42],[-10.18,53.41],[-10.01,53.48],[-10.18,53.56],[-9.7,53.6],[-9.91,53.65],[-9.91,53.76],[-9.57,53.8],[-9.56,53.87],[-9.91,53.86],[-9.92,53.95],[-9.79,53.92],[-9.9,54.03],[-9.83,54.11],[-9.97,54.08],[-9.91,54.12],[-10.01,54.22],[-10.1,54.09],[-10.12,54.24],[-9.99,54.3],[-9.88,54.26],[-9.98,54.24],[-9.91,54.2],[-9.77,54.26],[-9.85,54.32],[-9.79,54.34],[-9.32,54.32],[-9.14,54.15],[-9.05,54.29],[-8.51,54.21],[-8.62,54.26],[-8.47,54.28],[-8.52,54.33],[-8.67,54.35],[-8.47,54.48],[-8.21,54.5],[-8.27,54.52],[-8.12,54.65],[-8.46,54.56],[-8.42,54.64],[-8.8,54.7],[-8.41,54.76],[-8.56,54.82],[-8.5,54.85],[-8.33,54.83],[-8.46,55],[-8.32,55.03],[-8.28,55.16],[-8.16,55.12],[-7.98,55.22],[-7.86,55.14],[-7.8,55.26],[-7.7,55.1],[-7.7,55.22],[-7.79,55.22],[-7.66,55.28],[-7.53,55.1],[-7.68,54.95],[-7.45,55.07],[-7.52,55.29],[-7.26,55.28],[-7.38,55.39],[-6.94,55.24],[-7.25,55.07]]],[[[-9.66,53.28],[-9.64,53.25],[-9.66,53.23],[-9.69,53.23],[-9.71,53.24],[-9.71,53.25],[-9.72,53.26],[-9.72,53.27],[-9.71,53.28],[-9.7,53.28],[-9.68,53.28],[-9.67,53.28],[-9.66,53.28]]],[[[-9.96,53.95],[-9.96,53.88],[-10.27,53.98],[-9.96,54.02],[-9.96,53.95]]],[[[-8.52,55.01],[-8.51,55.01],[-8.5,55],[-8.49,54.99],[-8.48,54.98],[-8.53,54.97],[-8.55,54.97],[-8.57,54.98],[-8.56,54.99],[-8.57,55],[-8.55,55],[-8.55,55.01],[-8.54,55.02],[-8.53,55.01],[-8.52,55.01]]],[[[-9.82,51.64],[-9.81,51.64],[-9.8,51.64],[-9.81,51.63],[-9.89,51.61],[-9.9,51.61],[-9.92,51.62],[-9.92,51.63],[-9.9,51.64],[-9.88,51.64],[-9.86,51.64],[-9.82,51.64]]],[[[-10.31,51.93],[-10.3,51.92],[-10.3,51.91],[-10.32,51.9],[-10.36,51.89],[-10.4,51.89],[-10.41,51.88],[-10.43,51.88],[-10.43,51.89],[-10.41,51.9],[-10.36,51.93],[-10.35,51.93],[-10.33,51.93],[-10.32,51.92],[-10.31,51.93]]],[[[-9.65,53.1],[-9.64,53.1],[-9.64,53.09],[-9.66,53.09],[-9.78,53.12],[-9.81,53.14],[-9.8,53.15],[-9.78,53.15],[-9.75,53.14],[-9.74,53.14],[-9.72,53.14],[-9.7,53.14],[-9.67,53.13],[-9.66,53.12],[-9.67,53.12],[-9.67,53.11],[-9.65,53.1]]]]}},{"type":"Feature","properties":{"name":"United Kingdom"},"geometry":{"type":"MultiPolygon","coordinates":[[[[-7.25,55.07],[-7.07,55.04],[-6.95,55.2],[-6.12,55.22],[-5.99,54.98],[-5.69,54.79],[-5.93,54.63],[-5.57,54.68],[-5.43,54.46],[-5.52,54.34],[-5.56,54.51],[-5.7,54.58],[-5.63,54.44],[-5.71,54.35],[-5.58,54.38],[-5.55,54.3],[-5.86,54.23],[-5.89,54.1],[-6.08,54.03],[-6.28,54.11],[-6.63,54.04],[-6.64,54.17],[-7.02,54.41],[-7.19,54.34],[-7.15,54.22],[-7.31,54.11],[-7.84,54.2],[-8.17,54.46],[-7.71,54.6],[-7.93,54.7],[-7.54,54.74],[-7.41,55],[-7.25,55.07]]],[[[-2.67,51.62],[-2.98,51.56],[-3.18,51.4],[-3.54,51.4],[-3.83,51.62],[-4.3,51.56],[-4.07,51.68],[-4.32,51.68],[-4.37,51.79],[-4.96,51.6],[-5.12,51.68],[-4.84,51.71],[-4.82,51.8],[-5.18,51.69],[-5.25,51.73],[-5.11,51.78],[-5.13,51.86],[-5.31,51.86],[-5.07,52.03],[-4.84,52.01],[-4.33,52.21],[-3.95,52.55],[-4.13,52.6],[-3.99,52.73],[-4.15,52.81],[-4.08,52.93],[-4.76,52.79],[-4.18,53.22],[-3.83,53.29],[-3.88,53.34],[-3.37,53.35],[-3.09,53.23],[-3.19,53.39],[-3.06,53.43],[-2.88,53.29],[-2.7,53.35],[-2.89,53.33],[-3.1,53.54],[-2.9,53.74],[-3.05,53.77],[-3.06,53.91],[-2.83,54],[-2.92,54.03],[-2.8,54.25],[-2.98,54.15],[-3.04,54.23],[-3.15,54.06],[-3.24,54.11],[-3.21,54.26],[-3.33,54.2],[-3.63,54.51],[-3.39,54.88],[-3.02,54.98],[-3.57,55],[-3.58,54.88],[-3.82,54.89],[-3.96,54.77],[-4.4,54.91],[-4.37,54.68],[-4.86,54.87],[-4.95,54.82],[-4.86,54.63],[-5.16,54.88],[-5.12,55.03],[-4.99,54.92],[-5.01,55.14],[-4.62,55.5],[-4.92,55.71],[-4.89,55.92],[-4.48,55.93],[-4.82,56.08],[-4.78,55.99],[-4.86,56],[-4.76,56.21],[-4.85,56.11],[-4.92,56.17],[-4.89,55.99],[-4.98,55.87],[-5.12,56.01],[-5.09,55.9],[-5.18,55.97],[-5.2,55.83],[-5.3,55.85],[-5.34,56],[-4.92,56.28],[-5.44,56.03],[-5.32,55.77],[-5.49,55.64],[-5.58,55.43],[-5.51,55.37],[-5.78,55.31],[-5.68,55.67],[-5.45,55.85],[-5.6,55.76],[-5.67,55.81],[-5.57,55.93],[-5.7,55.92],[-5.57,56.04],[-5.71,55.94],[-5.53,56.09],[-5.51,56.19],[-5.61,56.14],[-5.49,56.25],[-5.6,56.26],[-5.57,56.33],[-5.06,56.57],[-5.2,56.46],[-5.45,56.47],[-5.24,56.57],[-5.41,56.54],[-5.32,56.66],[-5,56.72],[-5.24,56.72],[-5.12,56.82],[-5.67,56.5],[-6.01,56.64],[-5.54,56.7],[-6.24,56.72],[-5.76,56.78],[-5.84,56.84],[-5.66,56.87],[-5.92,56.89],[-5.83,57],[-5.52,57],[-5.78,57.08],[-5.4,57.11],[-5.68,57.16],[-5.58,57.27],[-5.41,57.23],[-5.5,57.28],[-5.44,57.32],[-5.73,57.3],[-5.45,57.42],[-5.81,57.35],[-5.84,57.58],[-5.51,57.54],[-5.81,57.64],[-5.67,57.71],[-5.8,57.74],[-5.81,57.84],[-5.58,57.78],[-5.61,57.93],[-5.22,57.85],[-5.35,57.94],[-5.07,57.83],[-5.45,58.08],[-5.24,58.15],[-5.39,58.26],[-4.93,58.22],[-5.17,58.34],[-5.15,58.41],[-5.02,58.39],[-5.11,58.51],[-4.99,58.63],[-4.84,58.61],[-4.82,58.52],[-4.78,58.61],[-4.66,58.56],[-4.76,58.45],[-4.48,58.57],[-4.48,58.45],[-4.03,58.6],[-3.02,58.64],[-3.18,58.33],[-4.09,57.96],[-4.01,57.87],[-4.39,57.91],[-4.08,57.82],[-3.78,57.86],[-3.98,57.7],[-4.4,57.61],[-4.01,57.69],[-4.25,57.5],[-3.42,57.72],[-2,57.7],[-1.83,57.61],[-1.76,57.47],[-1.98,57.32],[-2.19,56.91],[-2.51,56.59],[-3.32,56.37],[-2.88,56.46],[-2.58,56.28],[-3.38,56.02],[-3.84,56.11],[-3.67,56.01],[-3.1,55.95],[-2.64,56.06],[-2.13,55.91],[-1.82,55.63],[-1.63,55.59],[-1.52,55.16],[-1.17,54.7],[-1.2,54.62],[-0.56,54.48],[-0.39,54.26],[-0.08,54.11],[-0.22,54.02],[0.13,53.57],[-0.26,53.74],[-0.73,53.7],[-0.28,53.71],[0.26,53.38],[0.34,53.09],[0.01,52.89],[0.38,52.77],[0.62,52.98],[1.27,52.93],[1.64,52.78],[1.75,52.63],[1.77,52.48],[1.58,52.08],[1.34,51.94],[1.16,52.03],[1.27,51.96],[1.07,51.95],[1.28,51.95],[1.2,51.88],[1.28,51.84],[0.72,51.73],[0.95,51.73],[0.92,51.59],[0.38,51.45],[0.69,51.48],[0.55,51.41],[0.76,51.36],[1.42,51.39],[1.38,51.15],[1.03,51.04],[0.98,50.92],[0.8,50.94],[0.27,50.75],[-0.27,50.83],[-0.81,50.73],[-0.92,50.84],[-1.08,50.78],[-1.15,50.85],[-1.15,50.78],[-1.47,50.92],[-1.32,50.8],[-2.04,50.74],[-1.97,50.6],[-2.4,50.65],[-2.45,50.53],[-2.86,50.73],[-3.37,50.62],[-3.47,50.68],[-3.43,50.61],[-3.56,50.43],[-3.49,50.4],[-3.7,50.21],[-4.05,50.3],[-4.2,50.46],[-4.29,50.4],[-4.19,50.32],[-4.71,50.34],[-5,50.14],[-5.05,50.2],[-5.13,50.1],[-5.07,50.04],[-5.19,49.96],[-5.46,50.13],[-5.71,50.05],[-5.68,50.17],[-5.31,50.25],[-5.02,50.54],[-4.84,50.51],[-4.92,50.59],[-4.58,50.77],[-4.53,51.01],[-4.23,51.06],[-4.23,51.19],[-3.79,51.25],[-3.02,51.19],[-2.95,51.4],[-2.38,51.76],[-2.67,51.62]]],[[[-1.08,50.71],[-1.28,50.58],[-1.57,50.66],[-1.32,50.77],[-1.08,50.71]]],[[[-0.96,50.81],[-0.96,50.8],[-0.95,50.8],[-0.95,50.79],[-0.94,50.79],[-0.94,50.78],[-1.02,50.79],[-1.02,50.8],[-1,50.8],[-0.97,50.83],[-0.96,50.83],[-0.95,50.82],[-0.95,50.81],[-0.96,50.81]]],[[[0.91,51.41],[0.93,51.4],[0.94,51.38],[0.94,51.37],[0.91,51.36],[0.79,51.37],[0.78,51.38],[0.76,51.39],[0.74,51.4],[0.73,51.41],[0.75,51.44],[0.75,51.45],[0.77,51.45],[0.89,51.42],[0.9,51.42],[0.91,51.41]]],[[[-4.58,53.27],[-4.57,53.27],[-4.56,53.26],[-4.56,53.25],[-4.56,53.24],[-4.57,53.24],[-4.58,53.24],[-4.6,53.25],[-4.62,53.28],[-4.63,53.28],[-4.64,53.28],[-4.67,53.28],[-4.68,53.29],[-4.69,53.3],[-4.69,53.31],[-4.67,53.32],[-4.66,53.32],[-4.64,53.32],[-4.63,53.32],[-4.62,53.32],[-4.6,53.31],[-4.59,53.3],[-4.58,53.29],[-4.58,53.27]]],[[[-4.1,53.31],[-4.41,53.13],[-4.57,53.39],[-4.32,53.42],[-4.1,53.31]]],[[[-6.24,55.31],[-6.18,55.31],[-6.17,55.3],[-6.17,55.29],[-6.18,55.28],[-6.19,55.27],[-6.19,55.26],[-6.19,55.27],[-6.19,55.28],[-6.21,55.3],[-6.24,55.3],[-6.26,55.3],[-6.28,55.3],[-6.27,55.3],[-6.26,55.31],[-6.25,55.31],[-6.24,55.31]]],[[[-5.07,55.51],[-5.16,55.43],[-5.35,55.48],[-5.39,55.65],[-5.2,55.7],[-5.07,55.51]]],[[[-5.03,55.75],[-5.2,55.91],[-5.08,55.88],[-5.03,55.75]]],[[[-6.03,55.73],[-6.26,55.58],[-6.33,55.72],[-6.25,55.78],[-6.5,55.68],[-6.45,55.85],[-6.32,55.89],[-6.31,55.82],[-6.15,55.94],[-6.03,55.73]]],[[[-6.21,56.1],[-6.13,56.11],[-6.17,56.04],[-6.27,56.04],[-6.21,56.1]]],[[[-5.8,56.11],[-5.69,56.11],[-5.96,55.8],[-6.06,55.81],[-6.08,55.92],[-5.8,56.11]]],[[[-5.69,56.2],[-5.68,56.19],[-5.67,56.18],[-5.69,56.17],[-5.73,56.16],[-5.75,56.16],[-5.74,56.18],[-5.72,56.19],[-5.69,56.2]]],[[[-5.63,56.26],[-5.62,56.26],[-5.61,56.26],[-5.61,56.25],[-5.62,56.24],[-5.63,56.22],[-5.64,56.19],[-5.65,56.2],[-5.67,56.22],[-5.66,56.23],[-5.65,56.26],[-5.63,56.26]]],[[[-5.63,56.32],[-5.62,56.32],[-5.6,56.32],[-5.58,56.33],[-5.59,56.31],[-5.6,56.31],[-5.61,56.3],[-5.6,56.28],[-5.62,56.28],[-5.64,56.28],[-5.65,56.3],[-5.63,56.32]]],[[[-5.56,56.41],[-5.53,56.41],[-5.51,56.42],[-5.5,56.42],[-5.52,56.4],[-5.54,56.39],[-5.56,56.39],[-5.58,56.39],[-5.58,56.4],[-5.57,56.4],[-5.56,56.41]]],[[[-6.16,56.47],[-6.21,56.47],[-6.24,56.47],[-6.26,56.48],[-6.25,56.49],[-6.24,56.5],[-6.23,56.5],[-6.22,56.5],[-6.2,56.49],[-6.17,56.48],[-6.16,56.47]]],[[[-6.82,56.54],[-6.73,56.53],[-6.88,56.44],[-6.99,56.5],[-6.82,56.54]]],[[[-5.69,56.43],[-5.85,56.31],[-6.37,56.32],[-6.02,56.38],[-6.2,56.39],[-6.01,56.5],[-6.34,56.55],[-6.15,56.65],[-5.69,56.43]]],[[[-6.46,56.68],[-6.47,56.67],[-6.48,56.65],[-6.49,56.64],[-6.5,56.63],[-6.51,56.63],[-6.53,56.63],[-6.56,56.6],[-6.62,56.58],[-6.63,56.57],[-6.66,56.58],[-6.67,56.58],[-6.67,56.57],[-6.68,56.56],[-6.69,56.56],[-6.7,56.58],[-6.7,56.59],[-6.67,56.59],[-6.65,56.6],[-6.6,56.64],[-6.59,56.65],[-6.56,56.67],[-6.54,56.67],[-6.51,56.69],[-6.49,56.69],[-6.46,56.69],[-6.45,56.69],[-6.46,56.68]]],[[[-7.39,57.01],[-7.56,56.95],[-7.45,57.06],[-7.39,57.01]]],[[[-6.33,57.06],[-6.24,57.01],[-6.3,56.94],[-6.46,57],[-6.33,57.06]]],[[[-6.61,57.05],[-6.59,57.06],[-6.56,57.07],[-6.54,57.07],[-6.53,57.07],[-6.5,57.06],[-6.49,57.06],[-6.52,57.05],[-6.55,57.05],[-6.58,57.05],[-6.61,57.05]]],[[[-5.96,57.28],[-5.98,57.29],[-6.01,57.3],[-6.01,57.32],[-5.99,57.33],[-5.96,57.32],[-5.93,57.31],[-5.93,57.29],[-5.96,57.28]]],[[[-7.24,57.33],[-7.25,57.24],[-7.35,57.24],[-7.26,57.16],[-7.35,57.15],[-7.22,57.11],[-7.35,57.1],[-7.46,57.24],[-7.43,57.39],[-7.24,57.33]]],[[[-7.26,57.48],[-7.2,57.43],[-7.29,57.4],[-7.41,57.45],[-7.26,57.48]]],[[[-6.06,57.35],[-5.99,57.51],[-5.99,57.35],[-6.06,57.35]]],[[[-5.97,57.52],[-5.98,57.52],[-5.99,57.53],[-5.99,57.55],[-5.98,57.56],[-5.98,57.57],[-5.97,57.58],[-5.96,57.58],[-5.96,57.57],[-5.97,57.53],[-5.97,57.52]]],[[[-7.13,57.65],[-7.22,57.64],[-7.13,57.57],[-7.31,57.55],[-7.16,57.51],[-7.54,57.59],[-7.31,57.69],[-7.13,57.65]]],[[[-6.56,57.35],[-6.78,57.46],[-6.61,57.44],[-6.64,57.61],[-6.31,57.46],[-6.42,57.65],[-6.31,57.7],[-6.15,57.59],[-6.15,57.31],[-5.65,57.26],[-6.02,57.03],[-5.85,57.19],[-6.32,57.16],[-6.48,57.3],[-6.32,57.31],[-6.53,57.42],[-6.56,57.35]]],[[[-7.22,57.71],[-7.18,57.73],[-7.16,57.74],[-7.15,57.73],[-7.17,57.72],[-7.2,57.71],[-7.22,57.71]]],[[[-8.62,57.83],[-8.61,57.83],[-8.57,57.82],[-8.55,57.82],[-8.57,57.81],[-8.59,57.8],[-8.61,57.81],[-8.62,57.83]]],[[[-7.04,57.9],[-7.05,57.89],[-7.06,57.88],[-7.07,57.88],[-7.08,57.88],[-7.08,57.89],[-7.04,57.92],[-7.02,57.92],[-7,57.92],[-7,57.89],[-7.01,57.89],[-7.04,57.9]]],[[[-6.87,58.22],[-6.86,58.22],[-6.87,58.23],[-6.88,58.24],[-6.89,58.25],[-6.88,58.26],[-6.86,58.25],[-6.83,58.23],[-6.82,58.24],[-6.81,58.23],[-6.8,58.23],[-6.8,58.22],[-6.79,58.21],[-6.87,58.21],[-6.87,58.22]]],[[[-6.96,57.74],[-7.13,57.84],[-6.84,57.94],[-7.11,57.99],[-6.93,58.05],[-7.06,58.04],[-7.11,58.18],[-6.91,58.22],[-6.86,58.11],[-6.87,58.19],[-6.71,58.19],[-6.82,58.29],[-6.22,58.5],[-6.17,58.35],[-6.37,58.24],[-6.16,58.22],[-6.62,58.09],[-6.35,58.04],[-6.54,58.02],[-6.46,57.98],[-6.54,57.92],[-6.67,57.93],[-6.71,58],[-6.59,58.06],[-6.69,58.06],[-6.76,58],[-6.66,57.88],[-6.79,57.9],[-6.74,57.83],[-6.96,57.74]]],[[[-2.95,58.84],[-2.88,58.83],[-2.94,58.73],[-3.04,58.82],[-2.95,58.84]]],[[[-3.25,58.79],[-3.13,58.81],[-3.3,58.78],[-3.42,58.91],[-3.25,58.9],[-3.17,58.83],[-3.25,58.79]]],[[[-2.73,58.97],[-2.84,58.88],[-3.37,59.02],[-3.32,59.13],[-3.18,59.15],[-2.99,59.07],[-3.1,58.99],[-2.73,58.97]]],[[[-2.54,59.12],[-2.69,59.09],[-2.67,59.16],[-2.54,59.12]]],[[[-3,59.13],[-3.12,59.18],[-2.97,59.19],[-3,59.13]]],[[[-2.83,59.2],[-2.74,59.24],[-2.73,59.15],[-2.83,59.2]]],[[[-2.45,59.29],[-2.69,59.19],[-2.61,59.29],[-2.45,59.29]]],[[[-3.05,59.32],[-2.97,59.36],[-2.83,59.25],[-3.05,59.32]]],[[[-1.65,59.53],[-1.64,59.55],[-1.63,59.56],[-1.6,59.56],[-1.58,59.56],[-1.58,59.55],[-1.59,59.55],[-1.6,59.55],[-1.61,59.55],[-1.61,59.54],[-1.6,59.54],[-1.6,59.53],[-1.61,59.53],[-1.63,59.52],[-1.65,59.51],[-1.65,59.53]]],[[[-0.78,60.62],[-0.77,60.61],[-0.76,60.61],[-0.75,60.6],[-0.76,60.59],[-0.79,60.58],[-0.81,60.58],[-0.84,60.59],[-0.87,60.59],[-0.87,60.58],[-0.86,60.58],[-0.86,60.57],[-0.88,60.57],[-0.91,60.59],[-0.94,60.62],[-0.94,60.63],[-0.82,60.63],[-0.81,60.63],[-0.81,60.62],[-0.81,60.61],[-0.8,60.61],[-0.79,60.61],[-0.78,60.62]]],[[[-1.1,60.42],[-1.03,60.45],[-1.13,60.38],[-1.07,60.36],[-1.17,60.35],[-1.09,60.27],[-1.22,60.24],[-1.12,60.15],[-1.2,60.13],[-1.27,59.85],[-1.38,59.91],[-1.27,60.25],[-1.41,60.26],[-1.35,60.21],[-1.46,60.16],[-1.69,60.29],[-1.26,60.36],[-1.45,60.49],[-1.61,60.48],[-1.53,60.56],[-1.38,60.51],[-1.48,60.54],[-1.3,60.64],[-1.37,60.4],[-1.23,60.5],[-1.15,60.43],[-1.22,60.41],[-1.1,60.42]]],[[[-0.99,60.7],[-1.07,60.62],[-1.02,60.5],[-1.15,60.51],[-1.12,60.71],[-0.99,60.7]]],[[[-0.9,60.68],[-0.97,60.69],[-0.94,60.8],[-0.76,60.83],[-0.9,60.68]]],[[[-6.3,49.94],[-6.29,49.93],[-6.28,49.92],[-6.29,49.91],[-6.3,49.91],[-6.31,49.91],[-6.31,49.93],[-6.3,49.94]]],[[[-6.33,49.96],[-6.33,49.95],[-6.33,49.94],[-6.34,49.94],[-6.35,49.96],[-6.34,49.96],[-6.33,49.96]]],[[[-4.67,51.18],[-4.66,51.18],[-4.66,51.16],[-4.67,51.16],[-4.68,51.17],[-4.68,51.18],[-4.68,51.19],[-4.67,51.2],[-4.67,51.19],[-4.67,51.18]]],[[[-13.690419,57.596259],[-13.691314,57.596503],[-13.691314,57.597154],[-13.690419,57.597805],[-13.688588,57.597805],[-13.687652,57.597154],[-13.687652,57.596869],[-13.688588,57.596259],[-13.690419,57.596259]]],[[[-1.32,60.09],[-1.31,60.09],[-1.3,60.09],[-1.31,60.08],[-1.32,60.07],[-1.33,60.05],[-1.33,60.04],[-1.34,60.04],[-1.34,60.05],[-1.33,60.06],[-1.33,60.07],[-1.33,60.08],[-1.34,60.07],[-1.34,60.06],[-1.35,60.05],[-1.37,60.04],[-1.37,60.05],[-1.36,60.06],[-1.35,60.07],[-1.35,60.08],[-1.34,60.09],[-1.34,60.1],[-1.35,60.1],[-1.35,60.11],[-1.33,60.11],[-1.32,60.12],[-1.32,60.11],[-1.32,60.09]]],[[[-2.05,60.16],[-2.05,60.15],[-2.05,60.13],[-2.06,60.12],[-2.09,60.12],[-2.11,60.13],[-2.11,60.14],[-2.11,60.15],[-2.1,60.15],[-2.09,60.16],[-2.06,60.16],[-2.05,60.16]]],[[[-1.06,60.16],[-1.05,60.17],[-1.05,60.16],[-1.05,60.15],[-1.06,60.14],[-1.07,60.13],[-1.07,60.11],[-1.08,60.11],[-1.11,60.12],[-1.12,60.12],[-1.12,60.16],[-1.14,60.17],[-1.13,60.18],[-1.12,60.18],[-1.1,60.18],[-1.09,60.18],[-1.09,60.19],[-1.08,60.19],[-1.07,60.18],[-1.07,60.17],[-1.07,60.16],[-1.06,60.16]]],[[[-0.92,60.39],[-0.91,60.39],[-0.91,60.38],[-0.92,60.38],[-0.93,60.37],[-0.95,60.36],[-0.98,60.34],[-1.02,60.33],[-1.03,60.34],[-1.03,60.35],[-1.02,60.35],[-1.02,60.36],[-1.01,60.37],[-1,60.37],[-0.98,60.37],[-0.97,60.38],[-0.93,60.38],[-0.92,60.38],[-0.92,60.39]]]]}},{"type":"Feature","properties":{"name":"Greece"},"geometry":{"type":"MultiPolygon","coordinates":[[[[20.97,40.85],[21.59,40.87],[22.04,41.15],[22.7,41.14],[22.8,41.34],[23.61,41.37],[24.21,41.56],[24.51,41.56],[24.77,41.35],[24.89,41.4],[25.29,41.24],[26.12,41.36],[26.16,41.54],[26.05,41.7],[26.23,41.75],[26.6,41.61],[26.64,41.4],[26.32,41.25],[26.36,40.96],[26.08,40.74],[26.05,40.83],[25.18,40.94],[25.15,41.01],[24.8,40.85],[24.5,40.96],[24.11,40.73],[23.71,40.74],[23.92,40.53],[23.82,40.51],[23.87,40.41],[24.01,40.45],[24.38,40.18],[24.32,40.12],[24.17,40.28],[23.73,40.36],[23.72,40.25],[23.99,40.12],[23.99,39.95],[23.68,40.22],[23.44,40.28],[23.36,40.15],[23.75,39.93],[23.36,39.96],[23.3,40.24],[22.89,40.39],[22.82,40.5],[22.98,40.54],[22.91,40.64],[22.58,40.47],[22.66,40.37],[22.57,40.05],[23.34,39.18],[23.05,39.1],[23.22,39.18],[22.94,39.36],[22.82,39.23],[23,39.07],[22.96,39.01],[23.07,39.04],[22.83,38.89],[22.53,38.86],[23.04,38.75],[23.1,38.64],[23.29,38.66],[23.33,38.5],[23.57,38.5],[23.67,38.36],[24.08,38.17],[23.99,38.12],[24.09,37.79],[24.03,37.65],[23.56,37.97],[23.57,38.05],[23,37.89],[23.18,37.81],[23.17,37.61],[23.34,37.54],[23.31,37.62],[23.4,37.64],[23.4,37.51],[23.53,37.44],[23.16,37.3],[23.07,37.36],[23.13,37.45],[22.73,37.57],[23.1,36.81],[23.05,36.62],[23.2,36.43],[22.97,36.52],[22.69,36.81],[22.48,36.61],[22.49,36.39],[22.35,36.51],[22.39,36.71],[22.13,36.93],[22.15,37.02],[21.94,36.99],[21.97,36.79],[21.89,36.73],[21.71,36.82],[21.57,37.12],[21.67,37.4],[21.11,37.88],[21.33,38.02],[21.37,38.22],[21.62,38.15],[21.85,38.34],[22.87,37.94],[22.98,37.98],[22.85,38.04],[23.17,38.08],[23.22,38.16],[22.76,38.25],[22.65,38.39],[22.56,38.29],[22.4,38.45],[22.38,38.34],[21.96,38.41],[21.49,38.3],[21.32,38.5],[21.34,38.4],[21.16,38.3],[21.1,38.53],[21.03,38.51],[20.87,38.8],[20.73,38.8],[20.81,38.87],[20.77,38.96],[21.09,38.86],[21.18,38.88],[21.16,39],[20.81,39.11],[20.74,39.02],[20.83,38.96],[20.74,38.95],[20.48,39.28],[20.29,39.33],[20.26,39.51],[20.13,39.53],[20.17,39.63],[20,39.69],[20.25,39.66],[20.27,39.8],[20.4,39.82],[20.3,39.99],[20.65,40.09],[20.77,40.42],[21.02,40.56],[20.97,40.85]]],[[[24.13,34.86],[24.12,34.85],[24.12,34.84],[24.13,34.83],[24.14,34.82],[24.11,34.82],[24.09,34.83],[24.05,34.85],[24.05,34.86],[24.06,34.86],[24.07,34.86],[24.08,34.87],[24.09,34.87],[24.11,34.87],[24.13,34.86]]],[[[26.98,35.43],[27,35.44],[27.01,35.44],[27.01,35.43],[27,35.42],[27.01,35.4],[26.99,35.4],[26.97,35.39],[26.96,35.39],[26.95,35.38],[26.94,35.38],[26.93,35.37],[26.91,35.37],[26.89,35.35],[26.88,35.35],[26.86,35.35],[26.85,35.36],[26.85,35.37],[26.85,35.38],[26.86,35.38],[26.88,35.4],[26.89,35.4],[26.89,35.41],[26.9,35.42],[26.91,35.42],[26.92,35.42],[26.96,35.43],[26.98,35.43]]],[[[26.32,35.32],[26.27,35.08],[26.15,35],[25.02,34.93],[24.74,34.93],[24.74,35.08],[24.4,35.19],[23.52,35.29],[23.58,35.58],[23.72,35.51],[23.74,35.69],[23.82,35.53],[24.18,35.59],[24.18,35.51],[24.07,35.5],[24.25,35.48],[24.27,35.36],[24.72,35.43],[25.45,35.29],[25.77,35.34],[25.71,35.17],[25.78,35.12],[26.32,35.32]]],[[[27.21,35.52],[27.14,35.4],[27.07,35.6],[27.23,35.83],[27.21,35.52]]],[[[23.28,35.9],[23.3,35.89],[23.32,35.88],[23.33,35.86],[23.33,35.83],[23.32,35.84],[23.3,35.86],[23.29,35.87],[23.28,35.88],[23.27,35.9],[23.28,35.9]]],[[[23.01,36.31],[23.1,36.24],[23.05,36.14],[22.91,36.2],[22.93,36.38],[23.01,36.31]]],[[[25.74,36.38],[25.75,36.39],[25.76,36.4],[25.77,36.4],[25.8,36.39],[25.84,36.37],[25.86,36.36],[25.85,36.35],[25.84,36.35],[25.83,36.36],[25.82,36.36],[25.8,36.36],[25.79,36.36],[25.78,36.35],[25.75,36.36],[25.74,36.36],[25.74,36.37],[25.73,36.37],[25.73,36.38],[25.74,36.38]]],[[[28.24,36.43],[28.09,36.06],[27.74,35.91],[27.68,36.16],[27.9,36.34],[28.24,36.43]]],[[[25.38,36.48],[25.47,36.34],[25.36,36.36],[25.44,36.39],[25.38,36.48]]],[[[27.4,36.44],[27.39,36.42],[27.4,36.41],[27.42,36.41],[27.44,36.42],[27.44,36.41],[27.44,36.4],[27.44,36.39],[27.43,36.39],[27.42,36.38],[27.4,36.38],[27.39,36.38],[27.38,36.38],[27.36,36.39],[27.36,36.41],[27.36,36.42],[27.35,36.43],[27.34,36.43],[27.33,36.42],[27.32,36.41],[27.31,36.41],[27.31,36.42],[27.3,36.43],[27.29,36.44],[27.3,36.46],[27.3,36.47],[27.31,36.46],[27.33,36.46],[27.34,36.47],[27.36,36.48],[27.37,36.47],[27.38,36.44],[27.4,36.44]]],[[[26.36,36.64],[26.47,36.58],[26.3,36.51],[26.26,36.59],[26.4,36.59],[26.36,36.64]]],[[[27.87,36.59],[27.76,36.58],[27.86,36.65],[27.87,36.59]]],[[[24.87,36.67],[24.95,36.62],[24.96,36.6],[24.94,36.6],[24.92,36.6],[24.9,36.62],[24.88,36.63],[24.86,36.64],[24.85,36.65],[24.84,36.67],[24.86,36.67],[24.87,36.67]]],[[[25.15,36.72],[25.19,36.72],[25.18,36.72],[25.18,36.71],[25.13,36.66],[25.09,36.64],[25.07,36.64],[25.1,36.7],[25.12,36.7],[25.14,36.72],[25.15,36.72]]],[[[21.76,36.75],[21.78,36.75],[21.78,36.74],[21.78,36.72],[21.78,36.7],[21.77,36.71],[21.76,36.72],[21.75,36.71],[21.76,36.74],[21.76,36.75]]],[[[24.47,36.75],[24.54,36.68],[24.33,36.65],[24.34,36.75],[24.47,36.75]]],[[[24.64,36.79],[24.66,36.78],[24.67,36.77],[24.67,36.76],[24.66,36.75],[24.64,36.75],[24.63,36.76],[24.61,36.78],[24.62,36.79],[24.64,36.79]]],[[[25.27,36.72],[25.31,36.79],[25.41,36.71],[25.37,36.65],[25.27,36.72]]],[[[21.7,36.74],[21.7,36.78],[21.7,36.79],[21.71,36.8],[21.72,36.8],[21.72,36.79],[21.73,36.79],[21.72,36.79],[21.72,36.78],[21.72,36.77],[21.71,36.76],[21.7,36.75],[21.7,36.74]]],[[[24.61,36.84],[24.61,36.83],[24.6,36.82],[24.57,36.78],[24.56,36.78],[24.54,36.78],[24.53,36.79],[24.53,36.8],[24.52,36.81],[24.52,36.82],[24.53,36.83],[24.53,36.84],[24.55,36.84],[24.56,36.85],[24.57,36.84],[24.58,36.84],[24.59,36.84],[24.6,36.84],[24.61,36.84]]],[[[25.42,36.83],[25.43,36.84],[25.45,36.86],[25.47,36.87],[25.48,36.87],[25.47,36.86],[25.48,36.86],[25.48,36.84],[25.46,36.82],[25.43,36.82],[25.42,36.83]]],[[[27.28,36.91],[27.36,36.86],[26.92,36.71],[27.28,36.91]]],[[[25.61,36.88],[25.61,36.89],[25.62,36.9],[25.64,36.9],[25.65,36.91],[25.66,36.91],[25.68,36.89],[25.67,36.88],[25.65,36.88],[25.63,36.88],[25.61,36.88]]],[[[26.01,36.94],[26.07,36.89],[25.74,36.79],[26.01,36.94]]],[[[25.08,36.95],[25.07,36.96],[25.05,36.97],[25.03,36.99],[25.03,37.01],[25.04,37.02],[25.05,37.03],[25.07,37.04],[25.09,37.04],[25.07,36.99],[25.06,36.97],[25.07,36.97],[25.07,36.96],[25.08,36.95]]],[[[24.7,37.04],[24.77,36.95],[24.71,36.9],[24.64,37.03],[24.7,37.04]]],[[[26.91,36.95],[26.89,37.09],[27.04,37.01],[26.91,36.95]]],[[[25.81,37.1],[25.8,37.1],[25.78,37.12],[25.8,37.12],[25.81,37.13],[25.83,37.14],[25.83,37.13],[25.83,37.12],[25.84,37.11],[25.84,37.1],[25.83,37.1],[25.82,37.1],[25.81,37.1]]],[[[25.28,37.05],[25.1,37.01],[25.24,37.15],[25.28,37.05]]],[[[25.53,37.2],[25.58,37.02],[25.45,36.92],[25.34,37.08],[25.53,37.2]]],[[[24.44,37.18],[24.53,37.2],[24.53,37.13],[24.42,37.12],[24.44,37.18]]],[[[23.13,37.29],[23.13,37.28],[23.15,37.28],[23.16,37.27],[23.16,37.26],[23.16,37.25],[23.16,37.24],[23.15,37.24],[23.13,37.24],[23.12,37.25],[23.11,37.26],[23.09,37.27],[23.1,37.28],[23.11,37.29],[23.12,37.29],[23.13,37.29]]],[[[23.59,37.37],[23.57,37.36],[23.55,37.35],[23.52,37.35],[23.51,37.35],[23.51,37.33],[23.5,37.32],[23.48,37.32],[23.45,37.32],[23.4,37.3],[23.37,37.3],[23.37,37.31],[23.46,37.36],[23.49,37.36],[23.53,37.36],[23.55,37.37],[23.59,37.37]]],[[[24.37,37.41],[24.44,37.49],[24.48,37.39],[24.37,37.31],[24.37,37.41]]],[[[25.4,37.42],[25.31,37.41],[25.31,37.49],[25.46,37.47],[25.4,37.42]]],[[[24.94,37.44],[24.88,37.36],[24.9,37.51],[24.94,37.44]]],[[[23.48,37.56],[23.48,37.55],[23.49,37.54],[23.5,37.53],[23.51,37.53],[23.53,37.53],[23.53,37.52],[23.51,37.51],[23.48,37.51],[23.46,37.51],[23.44,37.52],[23.44,37.53],[23.46,37.53],[23.48,37.54],[23.48,37.56]]],[[[25.09,37.58],[24.98,37.68],[25.26,37.6],[25.22,37.53],[25.09,37.58]]],[[[24.37,37.69],[24.4,37.62],[24.28,37.53],[24.37,37.69]]],[[[26.36,37.69],[26.23,37.57],[25.97,37.54],[26.36,37.69]]],[[[23.55,37.77],[23.49,37.68],[23.42,37.76],[23.55,37.77]]],[[[27.05,37.73],[26.87,37.64],[26.58,37.7],[26.77,37.81],[27.05,37.73]]],[[[20.9,37.79],[21,37.7],[20.88,37.73],[20.82,37.65],[20.62,37.86],[20.71,37.93],[20.9,37.79]]],[[[24.99,37.77],[24.96,37.69],[24.69,37.97],[24.95,37.91],[24.99,37.77]]],[[[23.41,37.9],[23.5,37.97],[23.43,37.99],[23.57,37.95],[23.41,37.9]]],[[[20.73,38.06],[20.51,38.11],[20.45,38.28],[20.39,38.15],[20.34,38.2],[20.4,38.36],[20.54,38.35],[20.54,38.47],[20.81,38.12],[20.73,38.06]]],[[[20.72,38.39],[20.71,38.32],[20.61,38.47],[20.72,38.39]]],[[[20.94,38.6],[20.92,38.58],[20.91,38.56],[20.91,38.55],[20.89,38.55],[20.89,38.56],[20.93,38.6],[20.94,38.6]]],[[[26.16,38.54],[26.16,38.3],[25.96,38.17],[25.87,38.26],[25.99,38.39],[25.85,38.58],[26.16,38.54]]],[[[25.59,38.61],[25.56,38.54],[25.52,38.6],[25.59,38.61]]],[[[20.59,38.62],[20.69,38.85],[20.72,38.63],[20.59,38.62]]],[[[24.68,38.81],[24.57,38.76],[24.43,38.89],[24.46,38.97],[24.68,38.81]]],[[[24.59,38.16],[24.57,37.99],[24.37,37.97],[24.2,38.09],[24.04,38.4],[23.66,38.4],[23.59,38.45],[23.64,38.53],[23.33,38.76],[22.98,38.89],[22.83,38.85],[23.31,39.04],[23.59,38.77],[24.16,38.65],[24.25,38.23],[24.59,38.16]]],[[[23.44,39.15],[23.43,39.15],[23.41,39.15],[23.4,39.15],[23.4,39.16],[23.41,39.17],[23.42,39.17],[23.43,39.18],[23.43,39.19],[23.44,39.2],[23.46,39.21],[23.47,39.21],[23.49,39.21],[23.5,39.19],[23.51,39.18],[23.51,39.16],[23.49,39.17],[23.48,39.16],[23.46,39.13],[23.45,39.13],[23.44,39.14],[23.44,39.15]]],[[[23.67,39.12],[23.59,39.21],[23.79,39.12],[23.67,39.12]]],[[[20.14,39.24],[20.16,39.23],[20.17,39.22],[20.19,39.2],[20.2,39.18],[20.18,39.18],[20.17,39.18],[20.16,39.19],[20.14,39.21],[20.13,39.22],[20.13,39.24],[20.14,39.24]]],[[[23.94,39.22],[23.92,39.19],[23.9,39.16],[23.86,39.14],[23.83,39.15],[23.85,39.16],[23.86,39.17],[23.87,39.18],[23.89,39.22],[23.94,39.28],[23.96,39.29],[23.96,39.28],[23.95,39.28],[23.97,39.27],[23.97,39.25],[23.95,39.23],[23.94,39.22]]],[[[26.61,39.05],[26.45,39.11],[26.55,38.99],[26.34,38.98],[26.09,39.08],[26.28,39.2],[26.06,39.09],[25.83,39.19],[25.92,39.3],[26.36,39.38],[26.61,39.05]]],[[[25.01,39.56],[25.05,39.55],[25.04,39.52],[24.99,39.47],[24.98,39.47],[24.97,39.51],[24.98,39.54],[25,39.55],[24.99,39.56],[25,39.56],[25.01,39.56]]],[[[20.09,39.43],[20.11,39.36],[19.88,39.45],[19.63,39.75],[19.95,39.79],[19.84,39.65],[19.93,39.63],[19.94,39.47],[20.09,39.43]]],[[[25.45,40.04],[25.35,39.79],[25.25,39.92],[25.21,39.8],[25.05,39.84],[25.03,40],[25.29,39.95],[25.45,40.04]]],[[[25.69,40.45],[25.57,40.4],[25.44,40.48],[25.69,40.45]]],[[[24.79,40.74],[24.78,40.61],[24.64,40.57],[24.51,40.67],[24.64,40.8],[24.79,40.74]]],[[[23.88,36.84],[23.89,36.84],[23.89,36.83],[23.88,36.83],[23.88,36.84]]],[[[23.46,36.92],[23.47,36.91],[23.46,36.9],[23.46,36.91],[23.45,36.91],[23.45,36.92],[23.45,36.93],[23.46,36.93],[23.46,36.92]]],[[[27.57,36.24],[27.62,36.24],[27.62,36.23],[27.61,36.22],[27.6,36.22],[27.58,36.21],[27.57,36.22],[27.55,36.22],[27.53,36.21],[27.52,36.22],[27.52,36.23],[27.53,36.24],[27.55,36.24],[27.57,36.24]]],[[[27.19,36.62],[27.19,36.61],[27.21,36.59],[27.2,36.57],[27.17,36.56],[27.16,36.56],[27.14,36.56],[27.13,36.57],[27.13,36.58],[27.14,36.6],[27.17,36.62],[27.19,36.62]]],[[[26.87,37.13],[26.88,37.13],[26.89,37.12],[26.89,37.11],[26.88,37.1],[26.87,37.1],[26.86,37.1],[26.85,37.1],[26.84,37.1],[26.84,37.11],[26.85,37.12],[26.84,37.13],[26.83,37.12],[26.82,37.12],[26.81,37.13],[26.81,37.14],[26.82,37.15],[26.81,37.15],[26.8,37.16],[26.79,37.16],[26.78,37.17],[26.77,37.18],[26.78,37.19],[26.8,37.19],[26.8,37.2],[26.81,37.2],[26.82,37.19],[26.83,37.19],[26.84,37.19],[26.85,37.19],[26.85,37.18],[26.85,37.17],[26.84,37.16],[26.85,37.16],[26.86,37.15],[26.87,37.14],[26.87,37.13]]],[[[26.6,37.36],[26.6,37.35],[26.61,37.34],[26.6,37.34],[26.59,37.34],[26.58,37.35],[26.57,37.35],[26.56,37.34],[26.56,37.33],[26.55,37.33],[26.55,37.32],[26.57,37.31],[26.57,37.27],[26.56,37.27],[26.55,37.28],[26.54,37.29],[26.53,37.29],[26.53,37.3],[26.53,37.33],[26.54,37.33],[26.54,37.34],[26.54,37.35],[26.53,37.36],[26.54,37.37],[26.55,37.37],[26.56,37.37],[26.57,37.37],[26.58,37.37],[26.59,37.36],[26.6,37.36]]],[[[24.74,37.61],[24.74,37.6],[24.72,37.59],[24.67,37.6],[24.66,37.61],[24.68,37.61],[24.69,37.62],[24.7,37.62],[24.72,37.63],[24.73,37.63],[24.74,37.63],[24.74,37.61]]],[[[20.95,38.65],[20.95,38.64],[20.94,38.63],[20.93,38.62],[20.91,38.61],[20.9,38.61],[20.89,38.6],[20.88,38.58],[20.87,38.58],[20.87,38.59],[20.87,38.6],[20.89,38.63],[20.9,38.64],[20.92,38.65],[20.95,38.65]]],[[[20.8,38.67],[20.81,38.67],[20.81,38.66],[20.8,38.66],[20.8,38.65],[20.79,38.64],[20.76,38.64],[20.76,38.63],[20.77,38.62],[20.78,38.61],[20.79,38.61],[20.8,38.6],[20.79,38.6],[20.75,38.63],[20.74,38.65],[20.75,38.66],[20.76,38.67],[20.78,38.67],[20.79,38.67],[20.8,38.67]]],[[[24.08,39.35],[24.09,39.35],[24.09,39.33],[24.08,39.3],[24.06,39.3],[24.05,39.31],[24.06,39.31],[24.06,39.32],[24.05,39.32],[24.04,39.33],[24.04,39.34],[24.05,39.35],[24.06,39.36],[24.07,39.36],[24.07,39.35],[24.08,39.35]]]]}},{"type":"Feature","properties":{"name":"Austria"},"geometry":{"type":"Polygon","coordinates":[[[16.95,48.6],[16.84,48.37],[17.15,48.01],[17,47.86],[17.08,47.71],[16.43,47.69],[16.69,47.54],[16.43,47.4],[16.41,47.19],[16.51,47.14],[16.42,47.02],[16.49,47],[16.29,47.01],[15.98,46.83],[16.02,46.67],[15.64,46.72],[15.46,46.61],[15,46.64],[14.56,46.38],[12.41,46.69],[12.13,46.91],[12.18,47.09],[11.75,46.97],[11.16,46.96],[11,46.77],[10.45,46.86],[10.38,47],[10.11,46.85],[9.9,46.91],[9.86,47.02],[9.58,47.06],[9.52,47.26],[9.65,47.41],[9.55,47.53],[9.77,47.59],[10.02,47.49],[10.08,47.36],[10.21,47.37],[10.16,47.27],[10.43,47.4],[10.43,47.58],[11.24,47.39],[11.62,47.59],[12.17,47.6],[12.23,47.73],[12.48,47.63],[12.76,47.67],[12.78,47.55],[13.01,47.47],[13.07,47.66],[12.89,47.72],[12.99,47.85],[12.75,48.12],[13.41,48.38],[13.45,48.57],[13.72,48.52],[13.82,48.77],[14.07,48.59],[14.68,48.58],[14.8,48.78],[14.94,48.76],[14.98,49.01],[15.82,48.87],[16.09,48.74],[16.52,48.81],[16.87,48.72],[16.95,48.6]]]}},{"type":"Feature","properties":{"name":"Italy"},"geometry":{"type":"MultiPolygon","coordinates":[[[[7.02,45.93],[7.18,45.88],[7.54,45.98],[7.83,45.91],[8.11,46.13],[8.11,46.29],[8.43,46.45],[8.43,46.25],[8.81,46.09],[8.77,45.98],[9,45.82],[9.06,45.88],[9,46.04],[9.22,46.22],[9.28,46.5],[9.43,46.5],[9.56,46.29],[9.94,46.37],[10.08,46.22],[10.16,46.26],[10.14,46.4],[10.03,46.53],[10.19,46.63],[10.46,46.55],[10.37,46.67],[10.45,46.86],[11,46.77],[11.16,46.96],[11.75,46.97],[12.18,47.09],[12.13,46.91],[12.41,46.69],[13.7,46.52],[13.37,46.28],[13.64,46.18],[13.46,46.01],[13.61,45.99],[13.57,45.82],[13.78,45.74],[13.85,45.58],[13.71,45.59],[13.81,45.61],[13.57,45.79],[13.43,45.68],[13.11,45.77],[13.08,45.64],[12.42,45.44],[12.58,45.55],[12.4,45.54],[12.15,45.31],[12.23,45.2],[12.31,45.23],[12.37,45.01],[12.53,44.98],[12.44,44.82],[12.39,44.87],[12.42,44.8],[12.29,44.84],[12.25,44.75],[12.39,44.22],[12.69,43.99],[13.62,43.56],[14.06,42.62],[14.74,42.08],[15.12,41.93],[16.14,41.92],[16.19,41.79],[15.9,41.61],[15.93,41.48],[18.01,40.65],[18.52,40.14],[18.39,39.82],[18.07,39.91],[17.86,40.29],[17.4,40.33],[17.2,40.42],[17.32,40.5],[16.91,40.45],[16.6,40.08],[16.63,39.97],[16.49,39.78],[16.55,39.66],[17.16,39.41],[17.12,39.09],[17.21,39.03],[17.1,38.9],[16.84,38.92],[16.57,38.79],[16.57,38.43],[16.31,38.28],[16.08,37.94],[15.68,37.95],[15.63,38.22],[15.82,38.31],[15.92,38.52],[15.84,38.66],[16.14,38.72],[16.22,38.9],[15.62,40.08],[15.41,39.99],[15.26,40.03],[14.91,40.24],[15,40.4],[14.78,40.67],[14.34,40.57],[14.47,40.73],[14.29,40.84],[14.05,40.79],[13.71,41.26],[13.04,41.23],[12.89,41.4],[12.62,41.46],[12.22,41.75],[12.03,41.99],[11.83,42.03],[11.66,42.28],[11.38,42.41],[11.09,42.4],[11.16,42.56],[10.73,42.8],[10.75,42.93],[10.5,42.94],[10.53,43.25],[10.32,43.49],[10.25,43.85],[10.09,44.03],[9.84,44.11],[9.83,44.04],[9.26,44.34],[8.74,44.43],[8.44,44.28],[8.06,43.89],[7.5,43.79],[7.49,43.89],[7.69,44.07],[7.66,44.18],[7.34,44.12],[6.98,44.24],[6.84,44.53],[7.06,44.68],[7.01,44.82],[6.75,44.91],[6.6,45.1],[7.11,45.26],[7.16,45.41],[6.78,45.76],[7.02,45.93]],[[12.43,43.89],[12.46,43.9],[12.48,43.92],[12.48,43.93],[12.49,43.94],[12.49,43.96],[12.49,43.97],[12.48,43.98],[12.45,43.98],[12.42,43.97],[12.41,43.96],[12.4,43.95],[12.39,43.92],[12.4,43.9],[12.43,43.89]],[[12.453137,41.902752],[12.454035,41.902752],[12.453983,41.903862],[12.453031,41.903915],[12.452767,41.903439],[12.452714,41.903016],[12.453137,41.902752]]],[[[12,36.84],[12.03,36.74],[11.92,36.81],[12,36.84]]],[[[12.27,37.94],[12.29,37.94],[12.3,37.94],[12.31,37.94],[12.31,37.95],[12.32,37.94],[12.34,37.93],[12.35,37.93],[12.37,37.93],[12.36,37.91],[12.34,37.91],[12.33,37.92],[12.31,37.93],[12.3,37.92],[12.29,37.92],[12.28,37.93],[12.27,37.94]]],[[[15.53,38.3],[15.65,38.27],[15.21,37.76],[15.09,37.48],[15.1,37.33],[15.25,37.26],[15.19,37.18],[15.33,37.03],[15.17,36.94],[15.09,36.65],[14.49,36.79],[14.21,37.08],[13.89,37.1],[13.17,37.49],[12.66,37.57],[12.43,37.8],[12.49,38.02],[12.73,38.19],[12.94,38.03],[13.1,38.19],[13.32,38.22],[13.39,38.1],[13.79,37.97],[14.51,38.04],[14.9,38.19],[15.11,38.13],[15.24,38.26],[15.32,38.21],[15.53,38.3]]],[[[14.97,38.43],[14.97,38.42],[14.98,38.41],[14.99,38.4],[15,38.39],[15.01,38.38],[15,38.37],[14.99,38.36],[14.96,38.38],[14.95,38.4],[14.95,38.41],[14.96,38.43],[14.97,38.43]]],[[[14.91,38.47],[14.9,38.48],[14.9,38.5],[14.91,38.52],[14.92,38.52],[14.96,38.52],[14.97,38.52],[14.96,38.5],[14.97,38.5],[14.97,38.49],[14.98,38.49],[14.98,38.48],[14.95,38.48],[14.96,38.47],[14.96,38.46],[14.97,38.46],[14.97,38.45],[14.95,38.45],[14.93,38.46],[14.92,38.47],[14.91,38.47]]],[[[14.86,38.55],[14.86,38.54],[14.82,38.55],[14.79,38.57],[14.81,38.58],[14.85,38.58],[14.87,38.58],[14.88,38.57],[14.87,38.57],[14.87,38.56],[14.86,38.55]]],[[[8.46,39.07],[8.41,38.96],[8.35,39.1],[8.46,39.07]]],[[[8.31,39.19],[8.31,39.16],[8.31,39.12],[8.31,39.1],[8.29,39.1],[8.27,39.1],[8.25,39.11],[8.26,39.12],[8.23,39.14],[8.22,39.16],[8.23,39.17],[8.25,39.18],[8.29,39.19],[8.31,39.19]]],[[[13.94,40.7],[13.93,40.71],[13.92,40.7],[13.9,40.7],[13.89,40.69],[13.88,40.7],[13.86,40.71],[13.85,40.72],[13.86,40.73],[13.86,40.74],[13.87,40.75],[13.86,40.76],[13.88,40.76],[13.95,40.75],[13.97,40.74],[13.96,40.73],[13.96,40.72],[13.97,40.72],[13.96,40.71],[13.94,40.7]]],[[[8.27,41.06],[8.25,41.04],[8.25,41.02],[8.25,40.99],[8.21,41],[8.22,41.01],[8.22,41.02],[8.22,41.03],[8.23,41.04],[8.24,41.05],[8.26,41.06],[8.28,41.07],[8.28,41.08],[8.28,41.1],[8.28,41.11],[8.3,41.11],[8.31,41.11],[8.31,41.12],[8.33,41.13],[8.33,41.12],[8.33,41.11],[8.34,41.1],[8.34,41.09],[8.34,41.07],[8.33,41.06],[8.27,41.06]]],[[[9.79,40.56],[9.81,40.47],[9.62,40.25],[9.73,40.07],[9.57,39.15],[9.01,39.26],[9.08,39.22],[9.03,39],[8.64,38.86],[8.37,39.22],[8.44,39.76],[8.57,39.7],[8.5,39.72],[8.56,39.85],[8.39,39.91],[8.38,40.04],[8.49,40.12],[8.37,40.49],[8.29,40.6],[8.15,40.58],[8.2,40.98],[8.31,40.85],[8.5,40.82],[9.23,41.26],[9.44,41.09],[9.57,41.12],[9.51,41.02],[9.66,41],[9.5,40.93],[9.72,40.84],[9.66,40.8],[9.79,40.56]]],[[[10.9,42.39],[10.91,42.38],[10.93,42.35],[10.93,42.34],[10.94,42.33],[10.92,42.32],[10.91,42.33],[10.87,42.35],[10.86,42.37],[10.88,42.37],[10.88,42.39],[10.9,42.39]]],[[[10.44,42.85],[10.42,42.71],[10.1,42.78],[10.44,42.85]]],[[[9.84,43.07],[9.84,43.06],[9.85,43.06],[9.85,43.04],[9.84,43.02],[9.82,43.01],[9.8,43.01],[9.78,43.03],[9.81,43.07],[9.83,43.07],[9.84,43.07]]],[[[12.35,45.41],[12.37,45.42],[12.39,45.43],[12.41,45.43],[12.43,45.42],[12.42,45.42],[12.4,45.42],[12.38,45.42],[12.32,45.35],[12.33,45.37],[12.35,45.41]]],[[[12.86,35.87],[12.87,35.87],[12.88,35.86],[12.87,35.85],[12.86,35.85],[12.85,35.86],[12.85,35.87],[12.86,35.87]]],[[[14.35,38.54],[14.34,38.55],[14.36,38.55],[14.36,38.54],[14.35,38.54]]],[[[14.58,38.58],[14.58,38.57],[14.59,38.56],[14.57,38.56],[14.55,38.56],[14.54,38.57],[14.54,38.59],[14.55,38.59],[14.56,38.58],[14.58,38.58]]],[[[13.17,38.72],[13.19,38.72],[13.2,38.71],[13.18,38.69],[13.17,38.69],[13.15,38.69],[13.15,38.7],[13.16,38.71],[13.17,38.72]]],[[[15.23,38.81],[15.24,38.8],[15.23,38.79],[15.23,38.78],[15.22,38.78],[15.22,38.77],[15.21,38.78],[15.19,38.79],[15.19,38.8],[15.2,38.8],[15.21,38.81],[15.22,38.81],[15.23,38.81]]],[[[13.42,40.8],[13.43,40.8],[13.43,40.79],[13.41,40.79],[13.42,40.8]]],[[[12.62,35.51],[12.62,35.5],[12.62,35.49],[12.61,35.49],[12.6,35.49],[12.59,35.49],[12.56,35.51],[12.54,35.51],[12.53,35.52],[12.56,35.52],[12.57,35.52],[12.61,35.52],[12.62,35.51]]],[[[12.07,37.97],[12.08,37.96],[12.08,37.95],[12.06,37.95],[12.05,37.96],[12.04,37.97],[12.03,37.98],[12.04,37.99],[12.05,37.99],[12.06,37.99],[12.07,37.97]]],[[[9.47,41.24],[9.48,41.23],[9.48,41.22],[9.47,41.19],[9.47,41.18],[9.47,41.17],[9.46,41.17],[9.46,41.18],[9.45,41.19],[9.44,41.18],[9.44,41.19],[9.45,41.21],[9.44,41.21],[9.45,41.22],[9.45,41.23],[9.46,41.24],[9.47,41.24]]],[[[9.43,41.22],[9.44,41.22],[9.4,41.21],[9.38,41.21],[9.37,41.22],[9.37,41.23],[9.38,41.23],[9.38,41.24],[9.39,41.24],[9.4,41.25],[9.4,41.26],[9.41,41.26],[9.42,41.26],[9.43,41.25],[9.43,41.24],[9.43,41.23],[9.43,41.22]]],[[[10.3,42.34],[10.31,42.35],[10.32,42.34],[10.31,42.32],[10.29,42.33],[10.3,42.34]]],[[[10.09,42.6],[10.1,42.59],[10.1,42.58],[10.09,42.57],[10.07,42.57],[10.06,42.58],[10.05,42.58],[10.05,42.59],[10.06,42.59],[10.07,42.6],[10.08,42.61],[10.09,42.6]]],[[[12.33,45.46],[12.35,45.46],[12.36,45.45],[12.36,45.44],[12.35,45.43],[12.34,45.43],[12.32,45.43],[12.32,45.44],[12.33,45.46]]]]}},{"type":"Feature","properties":{"name":"Switzerland"},"geometry":{"type":"Polygon","coordinates":[[[10.45,46.86],[10.37,46.67],[10.46,46.55],[10.19,46.63],[10.03,46.53],[10.14,46.4],[10.12,46.23],[9.94,46.37],[9.56,46.29],[9.43,46.5],[9.26,46.49],[9.22,46.22],[9,46.04],[9.06,45.9],[9,45.82],[8.77,45.98],[8.81,46.09],[8.43,46.25],[8.43,46.45],[8.11,46.29],[8.11,46.13],[7.83,45.91],[7.52,45.98],[7.09,45.88],[6.77,46.13],[6.79,46.41],[6.61,46.46],[6.27,46.38],[6.26,46.22],[5.96,46.13],[6.14,46.36],[6.05,46.42],[6.13,46.6],[6.43,46.76],[6.44,46.94],[7.04,47.33],[6.87,47.35],[6.97,47.49],[7.24,47.42],[7.66,47.6],[8.57,47.59],[8.61,47.66],[8.39,47.67],[8.54,47.8],[9.55,47.53],[9.65,47.41],[9.5,47.24],[9.48,47.06],[9.86,47.02],[9.9,46.91],[10.11,46.85],[10.38,47],[10.45,46.86]]]}},{"type":"Feature","properties":{"name":"Netherlands"},"geometry":{"type":"MultiPolygon","coordinates":[[[[7.19,53.25],[7.19,53],[7.04,52.65],[6.72,52.63],[6.67,52.54],[7.05,52.37],[7.03,52.23],[6.67,52.05],[6.81,51.96],[6.34,51.82],[6.13,51.9],[6.16,51.84],[5.93,51.82],[6.21,51.46],[6.05,51.19],[6.15,51.15],[5.85,51.04],[6.06,50.91],[5.99,50.75],[5.62,50.83],[5.83,51.16],[5.49,51.29],[5.22,51.26],[5.03,51.48],[4.91,51.39],[4.76,51.41],[4.78,51.5],[4.64,51.42],[4.51,51.48],[4.35,51.35],[3.96,51.46],[3.82,51.39],[3.45,51.53],[3.87,51.61],[4.13,51.44],[4.3,51.47],[3.99,51.59],[4.21,51.59],[4.11,51.64],[4.18,51.69],[3.86,51.82],[4.08,51.84],[4.01,51.98],[4.51,52.34],[4.75,52.97],[4.87,52.9],[5.08,52.95],[5.38,53.1],[5.48,53.25],[5.98,53.41],[6.83,53.45],[7.19,53.25]]],[[[3.35,51.38],[4.22,51.36],[3.8,51.21],[3.64,51.29],[3.4,51.24],[3.35,51.38]]],[[[4.04,51.69],[4.09,51.64],[3.96,51.62],[3.69,51.73],[4.04,51.69]]],[[[4.89,53.11],[4.8,53],[4.71,53.03],[4.85,53.19],[4.89,53.11]]],[[[4.88,53.22],[4.92,53.25],[4.99,53.29],[5.05,53.31],[5.1,53.31],[5.1,53.3],[5.08,53.3],[5.07,53.3],[5.04,53.29],[4.96,53.25],[4.94,53.23],[4.91,53.21],[4.88,53.22]]],[[[5.42,53.43],[5.44,53.44],[5.59,53.45],[5.56,53.43],[5.53,53.43],[5.48,53.43],[5.48,53.42],[5.48,53.41],[5.47,53.41],[5.43,53.41],[5.38,53.39],[5.35,53.39],[5.21,53.35],[5.18,53.35],[5.17,53.37],[5.18,53.39],[5.23,53.4],[5.25,53.41],[5.27,53.41],[5.41,53.42],[5.42,53.43]]],[[[5.67,53.47],[5.91,53.47],[5.95,53.46],[5.86,53.45],[5.75,53.45],[5.73,53.44],[5.68,53.43],[5.65,53.43],[5.64,53.45],[5.64,53.46],[5.66,53.47],[5.67,53.47]]],[[[6.21,53.51],[6.34,53.5],[6.13,53.45],[6.21,53.51]]],[[[6.44,53.56],[6.46,53.56],[6.51,53.54],[6.5,53.54],[6.46,53.54],[6.44,53.55],[6.44,53.56]]]]}},{"type":"Feature","properties":{"name":"Liechtenstein"},"geometry":{"type":"Polygon","coordinates":[[[9.52,47.26],[9.62,47.11],[9.56,47.05],[9.48,47.06],[9.52,47.26]]]}},{"type":"Feature","properties":{"name":"Serbia"},"geometry":{"type":"Polygon","coordinates":[[[20.24,46.11],[20.69,45.74],[20.79,45.75],[20.78,45.47],[21.49,45.15],[21.35,45],[21.54,44.91],[21.36,44.86],[21.41,44.78],[21.99,44.66],[22.13,44.5],[22.42,44.73],[22.77,44.58],[22.48,44.5],[22.69,44.23],[22.59,44.06],[22.41,44.01],[22.35,43.81],[22.52,43.47],[22.98,43.17],[22.73,42.89],[22.43,42.82],[22.43,42.57],[22.54,42.48],[22.41,42.32],[22.26,42.37],[21.56,42.25],[21.51,42.32],[21.76,42.67],[21.38,42.74],[21.41,42.85],[20.84,43.17],[20.82,43.26],[20.6,43.2],[20.62,43.02],[20.35,42.83],[20.34,42.91],[19.62,43.17],[19.19,43.45],[19.25,43.59],[19.41,43.54],[19.51,43.65],[19.24,44],[19.62,44.04],[19.11,44.36],[19.38,44.87],[18.99,44.89],[19.13,44.95],[19.04,45.14],[19.41,45.2],[18.98,45.37],[19.01,45.5],[19.11,45.51],[18.9,45.57],[18.97,45.67],[18.87,45.9],[19.09,46.02],[19.26,45.98],[19.57,46.17],[20.24,46.11]]]}},{"type":"Feature","properties":{"name":"Croatia"},"geometry":{"type":"MultiPolygon","coordinates":[[[[16.52,46.5],[16.87,46.36],[17.29,45.98],[17.59,45.94],[17.86,45.77],[18.41,45.74],[18.66,45.91],[18.9,45.93],[18.84,45.82],[18.97,45.67],[18.9,45.57],[19.11,45.51],[19.01,45.5],[18.98,45.37],[19.41,45.2],[19.04,45.14],[19.13,44.95],[19,44.86],[18.78,44.91],[18.68,45.09],[18.24,45.16],[17.84,45.06],[17.65,45.17],[17.19,45.15],[16.92,45.28],[16.81,45.18],[16.48,45.2],[16.32,45],[16.01,45.22],[15.79,45.19],[15.75,44.74],[16.04,44.62],[16.01,44.54],[16.12,44.52],[16.33,44.08],[17.08,43.51],[17.27,43.46],[17.29,43.3],[17.63,43.05],[17.63,42.95],[16.88,43.41],[16.39,43.51],[16.46,43.55],[15.96,43.5],[15.94,43.7],[15.69,43.77],[15.14,44.2],[15.2,44.3],[15.3,44.25],[15.26,44.33],[15.53,44.27],[15,44.58],[14.88,44.72],[14.86,45.08],[14.58,45.29],[14.31,45.34],[14.15,44.98],[14.07,44.95],[14.04,45.04],[14,44.81],[13.88,44.83],[13.9,44.77],[13.62,45.07],[13.73,45.13],[13.6,45.14],[13.51,45.51],[13.89,45.42],[13.96,45.51],[14.33,45.47],[14.58,45.67],[14.8,45.47],[15.33,45.45],[15.27,45.6],[15.37,45.65],[15.26,45.73],[15.68,45.84],[15.7,46.04],[15.59,46.11],[15.64,46.21],[16,46.29],[16.06,46.38],[16.28,46.37],[16.23,46.49],[16.34,46.55],[16.52,46.5]]],[[[18.44,42.56],[18.5,42.42],[17.89,42.79],[17,43.05],[17.72,42.84],[17.68,42.92],[17.81,42.91],[17.97,42.75],[18.44,42.56]]],[[[16.86,42.78],[16.92,42.78],[16.93,42.77],[16.94,42.76],[16.92,42.74],[16.91,42.73],[16.88,42.73],[16.88,42.74],[16.87,42.74],[16.86,42.74],[16.85,42.73],[16.83,42.73],[16.82,42.74],[16.81,42.75],[16.82,42.76],[16.82,42.77],[16.81,42.76],[16.8,42.76],[16.81,42.78],[16.83,42.78],[16.86,42.78]]],[[[17.66,42.74],[17.68,42.73],[17.73,42.71],[17.75,42.69],[17.39,42.77],[17.37,42.76],[17.35,42.77],[17.33,42.78],[17.32,42.79],[17.34,42.79],[17.37,42.8],[17.39,42.8],[17.38,42.8],[17.37,42.79],[17.38,42.79],[17.39,42.79],[17.4,42.79],[17.41,42.78],[17.42,42.79],[17.44,42.78],[17.49,42.78],[17.52,42.76],[17.57,42.76],[17.6,42.75],[17.59,42.75],[17.59,42.74],[17.65,42.74],[17.66,42.74]]],[[[17.13,42.97],[17.19,42.91],[16.85,42.9],[16.63,42.98],[17.13,42.97]]],[[[16.24,43.07],[16.12,43.01],[16.05,43.07],[16.24,43.07]]],[[[16.69,43.13],[16.37,43.2],[16.52,43.23],[17.19,43.13],[16.69,43.13]]],[[[16.5,43.28],[16.43,43.39],[16.89,43.32],[16.5,43.28]]],[[[16.39,43.35],[16.38,43.33],[16.35,43.34],[16.28,43.37],[16.23,43.38],[16.21,43.39],[16.2,43.4],[16.2,43.41],[16.21,43.41],[16.22,43.42],[16.28,43.41],[16.3,43.4],[16.3,43.39],[16.33,43.39],[16.35,43.38],[16.37,43.36],[16.39,43.35]]],[[[15.68,43.65],[15.74,43.63],[15.68,43.64],[15.67,43.64],[15.66,43.65],[15.62,43.67],[15.6,43.67],[15.61,43.68],[15.62,43.68],[15.65,43.67],[15.66,43.67],[15.67,43.66],[15.68,43.65]]],[[[15.26,43.87],[15.27,43.86],[15.34,43.81],[15.35,43.8],[15.37,43.79],[15.4,43.77],[15.39,43.78],[15.33,43.8],[15.31,43.81],[15.29,43.83],[15.26,43.84],[15.25,43.85],[15.23,43.86],[15.23,43.87],[15.24,43.88],[15.26,43.87]]],[[[15.3,43.97],[15.3,43.98],[15.27,44],[15.26,44.01],[15.28,44.01],[15.3,44.01],[15.35,43.98],[15.38,43.97],[15.39,43.96],[15.39,43.95],[15.39,43.94],[15.4,43.94],[15.41,43.93],[15.42,43.93],[15.43,43.92],[15.44,43.91],[15.44,43.9],[15.45,43.89],[15.44,43.89],[15.43,43.89],[15.42,43.89],[15.41,43.9],[15.4,43.9],[15.4,43.91],[15.37,43.91],[15.36,43.92],[15.35,43.93],[15.36,43.94],[15.34,43.94],[15.33,43.95],[15.31,43.96],[15.3,43.97]]],[[[15.25,44.02],[15.24,44.03],[15.23,44.04],[15.22,44.05],[15.21,44.05],[15.2,44.05],[15.2,44.06],[15.19,44.05],[15.17,44.06],[15.15,44.08],[15.12,44.09],[15.09,44.12],[15.07,44.13],[15.07,44.14],[15.08,44.14],[15.07,44.15],[15.06,44.16],[15.23,44.07],[15.25,44.05],[15.25,44.02]]],[[[14.84,44.15],[14.85,44.15],[14.86,44.15],[14.87,44.14],[14.86,44.14],[14.84,44.14],[14.82,44.15],[14.82,44.17],[14.83,44.16],[14.84,44.15]]],[[[15.14,43.95],[15.22,43.91],[15.22,43.9],[15.2,43.9],[15.15,43.92],[15.13,43.92],[15.14,43.92],[15.14,43.91],[15.17,43.89],[15.18,43.89],[15.19,43.89],[15.2,43.89],[15.2,43.88],[15.19,43.87],[15.18,43.88],[15.17,43.89],[15.14,43.9],[15.12,43.91],[15.11,43.93],[15.07,43.97],[15.04,43.99],[15,44.05],[14.98,44.07],[14.96,44.08],[14.87,44.14],[14.87,44.15],[14.86,44.16],[14.85,44.18],[14.86,44.18],[14.88,44.16],[14.94,44.13],[14.94,44.12],[14.95,44.11],[14.95,44.1],[14.96,44.1],[14.98,44.1],[14.99,44.09],[15.01,44.09],[15,44.08],[15.01,44.08],[15.02,44.07],[15.03,44.06],[15.03,44.05],[15.03,44.04],[15.04,44.03],[15.09,43.99],[15.1,43.99],[15.11,43.98],[15.12,43.98],[15.14,43.95]]],[[[14.88,44.56],[15.25,44.34],[15.11,44.32],[14.88,44.56]]],[[[14.45,44.57],[14.53,44.48],[14.36,44.57],[14.34,44.72],[14.45,44.57]]],[[[14.74,44.78],[14.66,44.8],[14.75,44.85],[14.85,44.7],[14.74,44.78]]],[[[14.51,44.66],[14.43,44.66],[14.29,44.91],[14.41,44.96],[14.28,45.11],[14.33,45.18],[14.47,44.98],[14.51,44.66]]],[[[14.72,44.94],[14.44,45.07],[14.53,45.24],[14.8,45.01],[14.72,44.94]]],[[[16.31,43.51],[16.33,43.5],[16.38,43.49],[16.37,43.48],[16.33,43.48],[16.28,43.49],[16.27,43.49],[16.26,43.48],[16.25,43.48],[16.23,43.48],[16.22,43.49],[16.21,43.49],[16.21,43.5],[16.22,43.5],[16.23,43.5],[16.24,43.49],[16.25,43.5],[16.25,43.51],[16.26,43.51],[16.31,43.51]]],[[[14.76,44.29],[14.77,44.29],[14.79,44.27],[14.78,44.27],[14.77,44.27],[14.76,44.26],[14.75,44.26],[14.74,44.27],[14.74,44.28],[14.75,44.28],[14.75,44.29],[14.76,44.29]]],[[[14.61,44.34],[14.64,44.33],[14.66,44.31],[14.64,44.31],[14.6,44.34],[14.6,44.35],[14.61,44.34]]],[[[14.8,44.38],[14.81,44.37],[14.81,44.35],[14.8,44.34],[14.79,44.35],[14.77,44.35],[14.76,44.36],[14.76,44.37],[14.77,44.38],[14.76,44.42],[14.77,44.42],[14.78,44.42],[14.79,44.41],[14.8,44.41],[14.81,44.4],[14.8,44.39],[14.8,44.38]]],[[[14.24,44.66],[14.27,44.68],[14.28,44.68],[14.28,44.67],[14.27,44.66],[14.26,44.66],[14.26,44.65],[14.26,44.64],[14.26,44.63],[14.27,44.63],[14.27,44.61],[14.26,44.61],[14.25,44.62],[14.24,44.62],[14.23,44.63],[14.24,44.64],[14.24,44.66]]]]}},{"type":"Feature","properties":{"name":"Slovenia"},"geometry":{"type":"Polygon","coordinates":[[[13.64,45.46],[13.57,45.54],[13.89,45.63],[13.57,45.82],[13.61,45.99],[13.46,46.01],[13.64,46.18],[13.37,46.29],[13.7,46.52],[14.56,46.38],[14.92,46.62],[15.46,46.61],[15.64,46.72],[16.02,46.67],[15.98,46.83],[16.28,46.86],[16.52,46.5],[16.34,46.55],[16.23,46.49],[16.28,46.37],[16.06,46.38],[16,46.29],[15.64,46.21],[15.59,46.11],[15.7,46.04],[15.68,45.84],[15.26,45.73],[15.37,45.65],[15.27,45.6],[15.33,45.45],[14.8,45.47],[14.58,45.67],[14.33,45.47],[13.64,45.46]]]}},{"type":"Feature","properties":{"name":"Bulgaria"},"geometry":{"type":"Polygon","coordinates":[[[26.33,41.71],[26.06,41.71],[26.18,41.43],[25.88,41.3],[25.24,41.24],[24.89,41.4],[24.77,41.35],[24.51,41.56],[24.08,41.54],[24.03,41.45],[23.61,41.37],[22.92,41.34],[23.01,41.74],[22.83,42.03],[22.51,42.14],[22.35,42.31],[22.54,42.48],[22.43,42.57],[22.43,42.82],[22.73,42.89],[22.98,43.2],[22.52,43.47],[22.35,43.81],[22.41,44.01],[22.59,44.06],[22.69,44.23],[23.03,44.09],[22.87,43.97],[22.92,43.83],[23.48,43.88],[25.43,43.65],[25.78,43.73],[26.15,44.01],[27.03,44.18],[27.37,44.02],[27.91,43.99],[27.98,43.85],[28.22,43.76],[28.58,43.74],[28.56,43.45],[28.47,43.37],[28.16,43.41],[27.9,43.2],[27.89,42.71],[27.74,42.72],[27.65,42.56],[27.45,42.48],[27.72,42.41],[28.02,41.97],[27.55,41.9],[27.31,42.08],[27.05,42.08],[26.59,41.96],[26.33,41.71]]]}},{"type":"Feature","properties":{"name":"San Marino"},"geometry":{"type":"Polygon","coordinates":[[[12.43,43.89],[12.4,43.9],[12.39,43.92],[12.4,43.95],[12.41,43.96],[12.42,43.97],[12.45,43.98],[12.48,43.98],[12.49,43.97],[12.49,43.96],[12.49,43.94],[12.48,43.93],[12.48,43.92],[12.46,43.9],[12.43,43.89]]]}},{"type":"Feature","properties":{"name":"Monaco"},"geometry":{"type":"Polygon","coordinates":[[[7.44,43.74],[7.43,43.74],[7.42,43.73],[7.4,43.72],[7.38,43.72],[7.37,43.72],[7.37,43.73],[7.37,43.75],[7.39,43.76],[7.41,43.76],[7.43,43.76],[7.44,43.74]]]}},{"type":"Feature","properties":{"name":"Andorra"},"geometry":{"type":"Polygon","coordinates":[[[1.71,42.5],[1.45,42.43],[1.42,42.59],[1.72,42.61],[1.71,42.5]]]}},{"type":"Feature","properties":{"name":"Montenegro"},"geometry":{"type":"Polygon","coordinates":[[[18.5,42.42],[18.44,42.56],[18.55,42.67],[18.43,42.95],[18.64,43.02],[18.66,43.23],[18.82,43.34],[19.07,43.31],[18.91,43.49],[18.98,43.55],[19.2,43.53],[19.19,43.45],[19.58,43.19],[19.92,43.12],[20.36,42.87],[20.18,42.74],[20.03,42.75],[20.1,42.65],[19.98,42.51],[19.78,42.47],[19.72,42.65],[19.62,42.6],[19.27,42.19],[19.37,42.11],[19.37,41.85],[19.18,41.93],[18.89,42.28],[18.57,42.39],[18.7,42.39],[18.69,42.48],[18.5,42.42]]]}},{"type":"Feature","properties":{"name":"Bosnia and Herz."},"geometry":{"type":"Polygon","coordinates":[[[17.65,42.89],[17.56,42.93],[17.66,42.97],[17.63,43.05],[17.29,43.3],[17.27,43.46],[17.08,43.51],[16.33,44.08],[16.12,44.52],[16.01,44.54],[16.04,44.62],[15.75,44.74],[15.8,45.2],[16.01,45.22],[16.32,45],[16.48,45.2],[16.81,45.18],[16.93,45.28],[17.19,45.15],[17.65,45.17],[17.84,45.06],[18.24,45.16],[18.68,45.09],[18.89,44.86],[19.37,44.89],[19.11,44.36],[19.62,44.04],[19.24,44],[19.48,43.73],[19.49,43.56],[19.34,43.61],[18.91,43.51],[19.07,43.31],[18.82,43.34],[18.66,43.23],[18.64,43.02],[18.45,42.99],[18.44,42.82],[18.55,42.67],[18.49,42.56],[17.97,42.75],[17.81,42.91],[17.65,42.89]]]}},{"type":"Feature","properties":{"name":"Portugal"},"geometry":{"type":"MultiPolygon","coordinates":[[[[-7.1,38.83],[-7.27,38.74],[-7.36,38.45],[-7.12,38.18],[-6.95,38.2],[-7.02,38.02],[-7.27,37.98],[-7.53,37.57],[-7.41,37.16],[-7.82,37],[-8.54,37.12],[-9,37.02],[-8.75,37.73],[-8.89,37.95],[-8.77,38.19],[-8.8,38.36],[-8.94,38.48],[-8.61,38.42],[-8.74,38.45],[-8.77,38.57],[-8.79,38.48],[-9.23,38.42],[-9.18,38.55],[-9.25,38.67],[-8.95,38.77],[-9.01,38.91],[-8.77,39.1],[-8.94,39.04],[-9.11,38.71],[-9.47,38.7],[-9.5,38.81],[-9.35,39.2],[-9.41,39.38],[-9.22,39.41],[-9.09,39.58],[-8.87,40.12],[-8.78,40.12],[-8.91,40.2],[-8.75,40.64],[-8.57,40.76],[-8.67,40.75],[-8.66,40.84],[-8.75,40.65],[-8.65,41.15],[-8.83,41.68],[-8.7,41.72],[-8.88,41.74],[-8.87,41.86],[-8.63,42.05],[-8.22,42.15],[-8.1,42.06],[-8.23,41.9],[-8.18,41.81],[-7.93,41.91],[-7.43,41.81],[-7.16,41.99],[-6.61,41.96],[-6.52,41.87],[-6.56,41.67],[-6.21,41.57],[-6.46,41.31],[-6.65,41.27],[-6.8,41.06],[-6.93,41.05],[-6.82,40.87],[-6.86,40.44],[-6.79,40.36],[-7.04,40.18],[-6.88,40.01],[-7.02,39.69],[-7.56,39.68],[-7.31,39.46],[-7.33,39.34],[-7.17,39.11],[-6.99,39.07],[-7.1,38.83]]],[[[-16.49,32.49],[-16.52,32.54],[-16.53,32.55],[-16.54,32.56],[-16.54,32.57],[-16.54,32.58],[-16.53,32.57],[-16.51,32.54],[-16.49,32.52],[-16.49,32.49]]],[[[-16.79,32.69],[-16.98,32.65],[-17.25,32.83],[-16.9,32.84],[-16.67,32.76],[-16.79,32.69]]],[[[-16.34,33.06],[-16.35,33.04],[-16.36,33.03],[-16.38,33.03],[-16.4,33.04],[-16.4,33.05],[-16.39,33.05],[-16.38,33.05],[-16.37,33.06],[-16.36,33.09],[-16.34,33.11],[-16.32,33.11],[-16.3,33.1],[-16.29,33.11],[-16.29,33.08],[-16.29,33.07],[-16.28,33.06],[-16.31,33.07],[-16.33,33.07],[-16.34,33.06]]],[[[-7.96,36.98],[-7.9,36.97],[-7.88,36.98],[-7.86,37],[-7.86,36.99],[-7.85,36.99],[-7.86,36.98],[-7.88,36.97],[-7.9,36.97],[-7.93,36.97],[-7.96,36.97],[-7.96,36.98]]],[[[-25.07,37.02],[-25.03,36.93],[-25.2,36.98],[-25.07,37.02]]],[[[-25.2,37.86],[-25.16,37.75],[-25.42,37.71],[-25.86,37.85],[-25.2,37.86]]],[[[-28.11,38.45],[-28.46,38.41],[-28.55,38.53],[-28.11,38.45]]],[[[-28.61,38.6],[-28.73,38.51],[-28.84,38.59],[-28.61,38.6]]],[[[-27.89,38.6],[-27.78,38.54],[-28.04,38.59],[-28.32,38.76],[-27.89,38.6]]],[[[-27.02,38.69],[-27.23,38.64],[-27.39,38.76],[-27.14,38.8],[-27.02,38.69]]],[[[-27.98,39.02],[-28,39.02],[-28.03,39.02],[-28.05,39.03],[-28.06,39.04],[-28.07,39.05],[-28.07,39.07],[-28.05,39.1],[-28.04,39.1],[-28.03,39.11],[-28.02,39.1],[-28.01,39.1],[-27.99,39.09],[-27.96,39.07],[-27.94,39.05],[-27.94,39.04],[-27.95,39.02],[-27.97,39.02],[-27.98,39.02]]],[[[-31.21,39.51],[-31.13,39.42],[-31.27,39.36],[-31.21,39.51]]],[[[-31.12,39.73],[-31.08,39.72],[-31.08,39.69],[-31.1,39.66],[-31.13,39.66],[-31.13,39.67],[-31.15,39.7],[-31.15,39.71],[-31.14,39.72],[-31.13,39.73],[-31.12,39.73]]],[[[-16.027984,30.033596],[-16.023101,30.032294],[-16.02302,30.029242],[-16.027252,30.029608],[-16.027984,30.033596]]],[[[-15.86,30.15],[-15.85,30.14],[-15.86,30.13],[-15.87,30.14],[-15.86,30.15]]],[[[-9.04,38.87],[-9.03,38.86],[-9.04,38.85],[-9.05,38.83],[-9.07,38.82],[-9.08,38.82],[-9.07,38.84],[-9.06,38.85],[-9.05,38.86],[-9.04,38.87]]]]}},{"type":"Feature","properties":{"name":"Moldova"},"geometry":{"type":"Polygon","coordinates":[[[26.62,48.26],[26.79,48.29],[26.83,48.39],[27.21,48.36],[27.58,48.49],[28.06,48.32],[28.08,48.24],[28.36,48.24],[28.32,48.14],[28.41,48.17],[28.48,48.06],[28.54,48.16],[28.8,48.11],[28.95,47.93],[29.14,47.97],[29.24,47.87],[29.16,47.44],[29.39,47.28],[29.57,47.31],[29.48,47.12],[29.6,47.06],[29.57,46.93],[29.93,46.81],[29.9,46.53],[30.13,46.42],[29.83,46.34],[29.71,46.47],[29.6,46.36],[29.44,46.48],[29.2,46.36],[29.18,46.54],[29.02,46.49],[28.92,46.4],[29.02,46.18],[28.96,46],[28.73,45.94],[28.75,45.85],[28.47,45.66],[28.5,45.51],[28.2,45.46],[28.06,45.59],[28.17,45.63],[28.08,46.02],[28.25,46.43],[28.1,46.94],[27.28,47.69],[27,48.17],[26.62,48.26]]]}},{"type":"Feature","properties":{"name":"Gibraltar"},"geometry":{"type":"Polygon","coordinates":[[[-5.36,36.14],[-5.34,36.14],[-5.34,36.13],[-5.34,36.12],[-5.34,36.11],[-5.35,36.12],[-5.36,36.14]]]}},{"type":"Feature","properties":{"name":"Vatican"},"geometry":{"type":"Polygon","coordinates":[[[12.453137,41.902752],[12.452714,41.903016],[12.452767,41.903439],[12.453031,41.903915],[12.453983,41.903862],[12.454035,41.902752],[12.453137,41.902752]]]}},{"type":"Feature","properties":{"name":"Iceland"},"geometry":{"type":"MultiPolygon","coordinates":[[[[-14.56,66.38],[-14.99,66.29],[-14.95,66.19],[-15.18,66.11],[-14.61,65.99],[-14.84,65.74],[-14.33,65.78],[-14.4,65.72],[-14.27,65.67],[-14.56,65.5],[-14.3,65.66],[-14.19,65.63],[-14.25,65.67],[-13.62,65.52],[-13.67,65.38],[-13.84,65.36],[-13.73,65.33],[-14.01,65.28],[-13.57,65.26],[-14.03,65.2],[-13.62,65.2],[-13.75,65.14],[-13.63,65.1],[-13.52,65.17],[-13.58,65.01],[-14.23,65.04],[-13.72,64.94],[-14.05,64.93],[-13.77,64.85],[-14.27,64.7],[-14.51,64.8],[-14.27,64.65],[-14.49,64.66],[-14.41,64.61],[-14.57,64.6],[-14.51,64.55],[-14.35,64.61],[-14.54,64.41],[-14.71,64.43],[-14.93,64.26],[-15.23,64.27],[-15.47,64.4],[-15.36,64.34],[-15.4,64.27],[-16.03,64.13],[-16.47,63.9],[-16.8,63.8],[-16.93,63.87],[-16.97,63.79],[-16.97,63.92],[-17.04,63.79],[-17.72,63.71],[-17.62,63.75],[-17.71,63.78],[-17.97,63.68],[-17.8,63.67],[-17.97,63.62],[-17.86,63.61],[-17.96,63.52],[-18.2,63.47],[-18.12,63.53],[-18.32,63.55],[-18.18,63.46],[-18.73,63.4],[-20.19,63.54],[-20.55,63.71],[-20.31,63.73],[-20.41,63.84],[-20.58,63.71],[-20.77,63.77],[-20.61,63.77],[-20.72,63.78],[-20.72,63.87],[-20.82,63.78],[-21.19,63.89],[-21.04,63.95],[-21.25,63.95],[-21.21,63.88],[-21.36,63.85],[-22.69,63.81],[-22.73,63.89],[-22.63,63.95],[-22.73,63.97],[-22.7,64.09],[-22.54,63.98],[-22.04,64.05],[-21.92,64.12],[-22.05,64.16],[-21.7,64.19],[-21.93,64.23],[-21.75,64.35],[-21.41,64.38],[-22.1,64.32],[-21.86,64.39],[-22.03,64.39],[-21.98,64.5],[-21.71,64.61],[-21.5,64.57],[-21.68,64.62],[-21.51,64.65],[-22.04,64.57],[-22.18,64.46],[-22.44,64.67],[-22.19,64.74],[-22.4,64.68],[-22.32,64.75],[-22.41,64.82],[-23.56,64.82],[-23.83,64.73],[-24.06,64.89],[-23.3,64.92],[-23.21,65.02],[-23.09,65.01],[-23.11,64.92],[-22.72,65.08],[-22.6,64.98],[-22.56,65.05],[-21.8,65.04],[-21.77,65.21],[-22.03,65.11],[-22.56,65.17],[-21.7,65.45],[-21.98,65.44],[-22.11,65.53],[-22.25,65.43],[-22.39,65.49],[-22.11,65.6],[-22.49,65.51],[-22.55,65.63],[-22.65,65.53],[-22.76,65.63],[-22.73,65.5],[-22.89,65.54],[-22.79,65.59],[-22.85,65.62],[-23.9,65.4],[-24.54,65.51],[-24.32,65.64],[-23.81,65.54],[-24.09,65.65],[-23.81,65.61],[-24.08,65.71],[-24.09,65.8],[-23.63,65.71],[-23.56,65.61],[-23.3,65.67],[-23.53,65.73],[-23.19,65.78],[-23.73,65.77],[-23.87,65.88],[-23.21,65.84],[-23.81,66.01],[-23.75,66.08],[-23.37,65.99],[-23.67,66.12],[-23.4,66.1],[-23.6,66.14],[-23.48,66.2],[-23.03,66.11],[-22.98,66.03],[-23.06,65.97],[-22.92,66.05],[-22.84,66.02],[-22.94,65.95],[-22.82,66],[-22.82,65.91],[-22.68,66.06],[-22.58,65.98],[-22.65,65.83],[-22.52,65.98],[-22.43,65.85],[-22.36,65.92],[-22.48,66.03],[-22.38,66.1],[-22.98,66.23],[-22.37,66.28],[-22.7,66.29],[-22.61,66.37],[-23.14,66.33],[-23.02,66.39],[-23.14,66.43],[-22.87,66.42],[-22.95,66.47],[-22.46,66.47],[-22.2,66.34],[-22.22,66.27],[-21.75,66.19],[-21.67,66.02],[-21.55,66.1],[-21.33,66.01],[-21.61,65.96],[-21.3,65.94],[-21.33,65.81],[-21.48,65.77],[-21.33,65.74],[-21.58,65.69],[-21.78,65.77],[-21.61,65.64],[-21.41,65.64],[-21.48,65.56],[-21.32,65.6],[-21.48,65.45],[-21.21,65.44],[-21.11,65.17],[-21.09,65.46],[-20.91,65.35],[-20.99,65.49],[-20.92,65.6],[-20.67,65.69],[-20.64,65.55],[-20.48,65.49],[-20.43,65.55],[-20.53,65.58],[-20.41,65.6],[-20.39,65.53],[-20.26,65.74],[-20.45,66.03],[-20.2,66.13],[-20.09,66.13],[-19.65,65.76],[-19.44,65.73],[-19.4,65.84],[-19.51,65.95],[-19.44,66.07],[-19.06,66.07],[-19.08,66.16],[-18.85,66.21],[-18.54,66.08],[-18.54,65.97],[-18.29,65.92],[-18.06,65.65],[-18.1,65.9],[-18.32,66.06],[-18.3,66.18],[-17.91,66.15],[-17.55,65.91],[-17.5,65.99],[-17.61,65.99],[-17.41,65.96],[-17.15,66.22],[-16.94,66.11],[-16.6,66.1],[-16.69,66.17],[-16.53,66.2],[-16.62,66.17],[-16.43,66.14],[-16.54,66.51],[-16.02,66.54],[-15.89,66.49],[-15.94,66.42],[-15.71,66.4],[-15.78,66.29],[-15.7,66.23],[-15.38,66.15],[-15.33,66.26],[-14.93,66.39],[-14.56,66.38]]],[[[-17.75,63.72],[-17.74,63.71],[-17.74,63.7],[-17.75,63.69],[-17.76,63.68],[-17.77,63.68],[-17.76,63.68],[-17.76,63.69],[-17.76,63.7],[-17.77,63.7],[-17.78,63.7],[-17.82,63.69],[-17.82,63.7],[-17.79,63.71],[-17.77,63.72],[-17.75,63.72]]],[[[-18.01,66.56],[-17.98,66.55],[-17.98,66.54],[-18,66.53],[-18.02,66.54],[-18.02,66.56],[-18.01,66.56]]],[[[-20.26,63.44],[-20.25,63.43],[-20.26,63.42],[-20.27,63.41],[-20.28,63.4],[-20.29,63.41],[-20.29,63.42],[-20.3,63.42],[-20.31,63.43],[-20.3,63.45],[-20.28,63.45],[-20.26,63.45],[-20.26,63.44]]],[[[-18.38,66.01],[-18.37,66.01],[-18.36,65.99],[-18.36,65.98],[-18.37,65.98],[-18.38,65.98],[-18.39,65.98],[-18.4,65.99],[-18.4,66],[-18.4,66.01],[-18.41,66.02],[-18.41,66.03],[-18.39,66.02],[-18.38,66.01]]]]}},{"type":"Feature","properties":{"name":"Malta"},"geometry":{"type":"MultiPolygon","coordinates":[[[[14.55,35.89],[14.53,35.8],[14.42,35.82],[14.32,35.97],[14.55,35.89]]],[[[14.26,36.08],[14.33,36.03],[14.18,36.03],[14.26,36.08]]]]}},{"type":"Feature","properties":{"name":"Jersey"},"geometry":{"type":"Polygon","coordinates":[[[-2.08,49.26],[-2.02,49.17],[-2.23,49.18],[-2.24,49.26],[-2.08,49.26]]]}},{"type":"Feature","properties":{"name":"Guernsey"},"geometry":{"type":"MultiPolygon","coordinates":[[[[-2.58,49.49],[-2.5,49.51],[-2.54,49.43],[-2.67,49.43],[-2.58,49.49]]],[[[-2.36,49.45],[-2.36,49.44],[-2.35,49.43],[-2.36,49.42],[-2.37,49.41],[-2.38,49.41],[-2.37,49.42],[-2.38,49.43],[-2.38,49.44],[-2.37,49.44],[-2.37,49.45],[-2.36,49.45]]],[[[-2.17,49.73],[-2.17,49.72],[-2.19,49.71],[-2.2,49.71],[-2.22,49.7],[-2.23,49.71],[-2.22,49.72],[-2.2,49.72],[-2.19,49.72],[-2.18,49.73],[-2.17,49.73]]],[[[-2.45,49.48],[-2.45,49.47],[-2.45,49.46],[-2.45,49.47],[-2.46,49.48],[-2.45,49.48]]]]}},{"type":"Feature","properties":{"name":"Isle of Man"},"geometry":{"type":"Polygon","coordinates":[[[-4.61,54.06],[-4.79,54.06],[-4.71,54.22],[-4.35,54.41],[-4.31,54.29],[-4.61,54.06]]]}},{"type":"Feature","properties":{"name":"Åland"},"geometry":{"type":"MultiPolygon","coordinates":[[[[20.28,60.14],[20.27,60.06],[20.2,60.09],[20.28,60.14]]],[[[19.64,60.22],[19.67,60.16],[19.51,60.18],[19.64,60.22]]],[[[20.43,60.27],[20.43,60.26],[20.44,60.26],[20.44,60.25],[20.39,60.2],[20.38,60.2],[20.39,60.21],[20.39,60.22],[20.39,60.23],[20.38,60.24],[20.35,60.23],[20.35,60.24],[20.35,60.25],[20.36,60.27],[20.38,60.27],[20.41,60.26],[20.43,60.27]]],[[[20.82,60.23],[20.79,60.24],[20.78,60.26],[20.79,60.29],[20.81,60.29],[20.82,60.28],[20.85,60.27],[20.85,60.25],[20.84,60.25],[20.82,60.24],[20.81,60.25],[20.82,60.23]]],[[[20.21,60.22],[20.06,60.19],[20.02,60.31],[20.02,60.18],[19.91,60.22],[20.05,60.1],[19.94,60.05],[19.76,60.07],[19.65,60.27],[19.8,60.3],[19.81,60.19],[19.93,60.28],[19.78,60.36],[19.88,60.41],[20.28,60.28],[20.21,60.22]]],[[[20.88,59.91],[20.87,59.92],[20.86,59.93],[20.87,59.94],[20.88,59.94],[20.9,59.94],[20.91,59.93],[20.91,59.92],[20.92,59.91],[20.91,59.9],[20.89,59.91],[20.88,59.91]]],[[[20.98,59.94],[20.97,59.94],[20.98,59.94],[20.99,59.93],[20.98,59.92],[20.93,59.94],[20.92,59.94],[20.91,59.95],[20.92,59.95],[20.93,59.96],[20.98,59.95],[20.99,59.95],[21,59.95],[20.98,59.94]]],[[[20.61,60.04],[20.62,60.04],[20.6,60.04],[20.61,60.04],[20.61,60.03],[20.61,60.02],[20.6,60.02],[20.59,60.01],[20.58,60.01],[20.55,60.02],[20.54,60.01],[20.53,60.01],[20.51,60.01],[20.5,60.01],[20.51,60.02],[20.53,60.05],[20.54,60.06],[20.56,60.06],[20.57,60.06],[20.58,60.06],[20.59,60.06],[20.59,60.05],[20.6,60.05],[20.61,60.05],[20.61,60.04]]],[[[20.42,60.06],[20.45,60.07],[20.46,60.07],[20.45,60.04],[20.43,60.03],[20.4,60.02],[20.39,60.03],[20.4,60.04],[20.42,60.06]]],[[[20.52,60.05],[20.52,60.04],[20.5,60.04],[20.47,60.04],[20.47,60.06],[20.49,60.06],[20.52,60.06],[20.53,60.07],[20.52,60.07],[20.53,60.07],[20.54,60.07],[20.54,60.06],[20.53,60.06],[20.52,60.05]]],[[[20.68,60.13],[20.69,60.13],[20.69,60.12],[20.68,60.11],[20.67,60.11],[20.66,60.12],[20.64,60.13],[20.64,60.14],[20.64,60.15],[20.65,60.15],[20.66,60.15],[20.67,60.15],[20.68,60.14],[20.68,60.13]]],[[[20.68,60.23],[20.71,60.22],[20.72,60.21],[20.71,60.2],[20.69,60.19],[20.67,60.2],[20.66,60.21],[20.66,60.22],[20.67,60.23],[20.68,60.23]]],[[[20.78,60.33],[20.74,60.31],[20.73,60.31],[20.73,60.32],[20.73,60.33],[20.74,60.34],[20.74,60.35],[20.75,60.35],[20.75,60.36],[20.76,60.37],[20.78,60.37],[20.79,60.36],[20.79,60.35],[20.79,60.34],[20.79,60.33],[20.78,60.33]]],[[[20.28,59.98],[20.3,60],[20.34,60.02],[20.36,60.02],[20.4,60.01],[20.44,60],[20.45,60],[20.4,59.98],[20.37,59.98],[20.34,59.98],[20.32,59.98],[20.32,59.96],[20.31,59.95],[20.28,59.96],[20.28,59.98]]],[[[20.03,60.06],[20.16,60.09],[20.23,60.01],[20.03,60.06]]],[[[21.09,60.48],[21.1,60.46],[21.09,60.45],[21.08,60.45],[21.06,60.45],[21.06,60.47],[21.08,60.48],[21.09,60.48]]]]}},{"type":"Feature","properties":{"name":"Faeroe Islands"},"geometry":{"type":"MultiPolygon","coordinates":[[[[-6.65,61.4],[-6.96,61.63],[-6.72,61.57],[-6.81,61.55],[-6.67,61.49],[-6.78,61.46],[-6.65,61.4]]],[[[-6.61,61.82],[-6.67,61.75],[-6.91,61.91],[-6.61,61.82]]],[[[-7.38,62.09],[-7.43,62.15],[-7.29,62.16],[-7.04,62.09],[-7.2,62.02],[-7.38,62.09]]],[[[-7.22,62.17],[-7.2,62.31],[-7.07,62.29],[-6.7,61.94],[-7.22,62.17]]],[[[-7.06,62.29],[-6.93,62.34],[-6.91,62.24],[-6.81,62.29],[-6.56,62.14],[-6.67,62.15],[-6.59,62.11],[-6.69,62.07],[-6.75,62.18],[-6.74,62.1],[-7.06,62.29]]],[[[-6.54,62.19],[-6.54,62.37],[-6.39,62.26],[-6.54,62.19]]],[[[-7.56,62.11],[-7.55,62.1],[-7.54,62.1],[-7.55,62.1],[-7.56,62.1],[-7.64,62.1],[-7.64,62.11],[-7.62,62.11],[-7.59,62.12],[-7.56,62.11]]],[[[-6.32,62.31],[-6.29,62.31],[-6.28,62.3],[-6.31,62.28],[-6.3,62.27],[-6.3,62.26],[-6.31,62.25],[-6.33,62.25],[-6.34,62.24],[-6.36,62.25],[-6.37,62.26],[-6.38,62.27],[-6.38,62.28],[-6.37,62.29],[-6.36,62.29],[-6.32,62.31]]],[[[-6.59,62.29],[-6.58,62.28],[-6.58,62.27],[-6.59,62.26],[-6.62,62.27],[-6.64,62.28],[-6.65,62.29],[-6.67,62.32],[-6.68,62.34],[-6.68,62.37],[-6.66,62.37],[-6.65,62.37],[-6.64,62.35],[-6.6,62.3],[-6.59,62.29]]],[[[-6.65,62.26],[-6.64,62.25],[-6.64,62.24],[-6.66,62.24],[-6.68,62.24],[-6.69,62.25],[-6.7,62.27],[-6.71,62.28],[-6.72,62.29],[-6.74,62.3],[-6.76,62.33],[-6.77,62.34],[-6.79,62.36],[-6.79,62.38],[-6.78,62.38],[-6.77,62.37],[-6.75,62.36],[-6.72,62.33],[-6.65,62.26]]],[[[-6.41,62.32],[-6.4,62.32],[-6.39,62.31],[-6.4,62.3],[-6.41,62.29],[-6.42,62.29],[-6.46,62.3],[-6.49,62.31],[-6.51,62.33],[-6.52,62.35],[-6.53,62.37],[-6.55,62.38],[-6.56,62.39],[-6.54,62.4],[-6.52,62.4],[-6.5,62.39],[-6.49,62.37],[-6.49,62.36],[-6.47,62.35],[-6.46,62.34],[-6.45,62.33],[-6.45,62.32],[-6.44,62.32],[-6.43,62.33],[-6.42,62.33],[-6.41,62.32]]]]}},{"type":"Feature","properties":{"name":"Kaliningrad"},"geometry":{"type":"MultiPolygon","coordinates":[[[[22.77,54.36],[19.61,54.46],[19.9,54.66],[20,54.97],[20.41,54.95],[20.92,55.28],[20.53,54.96],[21.09,54.9],[21.24,54.96],[21.18,55.2],[21.37,55.29],[22.05,55.03],[22.57,55.07],[22.85,54.81],[22.68,54.57],[22.77,54.36]]]]}}]}